8036	_edit_last	1
8036	_edit_lock	1612773440:1
8036	_last_translation_edit_mode	native-editor
8036	_seopress_analysis_data	a:20:{s:5:"title";s:7:"Servizi";s:10:"target_kws";s:846:"viaggi di gruppo,viaggi di gruppo giovani,viaggi di gruppo per single,viaggi di gruppo economici,viaggi di gruppo last minute,viaggi di gruppo capodanno 2020,viaggi di gruppo in pullman da roma,viaggi di gruppo con accompagnatore dall&#039;italia,viaggi di gruppo 2020,viaggi di gruppo capodanno 2019,viaggi su misura,viaggi su misura tour ope
8036	_seopress_analysis_target_kw	Viaggi di gruppo,viaggi di gruppo giovani,viaggi di gruppo per single,viaggi di gruppo economici,viaggi di gruppo last minute,viaggi di gruppo capodanno 2020,viaggi di gruppo in pullman da roma,viaggi di gruppo con accompagnatore dall'italia,viaggi di gruppo 2020,viaggi di gruppo capodanno 2019,Viaggi su misura,viaggi su misura tour operator,Pellegrinaggi,pellegrinaggio,pellegrinaggi in italia,Via
8036	_seopress_redirections_type	301
8036	_seopress_redirections_value	
8036	_seopress_robots_breadcrumbs	
8036	_seopress_robots_canonical	
8036	_seopress_social_fb_desc	
8036	_seopress_social_fb_img	
8036	_seopress_social_fb_title	
8036	_seopress_social_twitter_desc	
8036	_seopress_social_twitter_img	
8036	_seopress_social_twitter_title	
8036	_seopress_titles_desc	Dato che la Vostra soddisfazione è  la nostra priorità i nostri servizi sono accuratamente scelti col giusto rapporto qualità / prezzo.
8036	_seopress_titles_title	Servizi
8036	_themetek_page_bgcolor	
8036	_themetek_page_bottom_padding	
8036	_themetek_page_showhide_breadcrumbs	yes
8036	_themetek_page_showhide_title_section	yes
8036	_themetek_page_subtitle	
8036	_themetek_page_title_color	
8036	_themetek_page_titlebar_background	
8036	_themetek_page_top_padding	
8036	_themetek_page_transparent_navbar	
8036	_themetek_title_bar_bottom_padding	
8036	_themetek_title_bar_top_padding	
8036	_wp_page_template	
8036	_wpb_post_custom_css	.text-white-here p{\n    color: white !important;\n}
8036	_wpb_shortcodes_custom_css	.vc_custom_1610453722544{background-position: center !important;background-repeat: no-repeat !important;background-size: cover !important;}.vc_custom_1611065968325{margin-bottom: 35px !important;padding-top: 35px !important;padding-bottom: 35px !important;}.vc_custom_1611062290027{margin-bottom: 50px !important;}.vc_custom_1611062297058{margin-top: 50px !important;margin-bottom: 50px !important;}.
8036	_wpb_vc_js_status	true
8036	_wpml_location_migration_done	1
8036	_wpml_media_duplicate	1
8036	_wpml_media_featured	1
8036	_wpml_media_has_media	1
8036	_wpml_word_count	{"total":176,"to_translate":{"pl":176}}
8036	page_title_align	left-align
8036	rs_page_bg_color	
