7803	_wp_attached_file	2021/01/pielgrzymki-mapka-2-robocza.pdf
7803	_wp_attachment_metadata	a:1:{s:5:"sizes";a:4:{s:4:"full";a:4:{s:4:"file";s:35:"pielgrzymki-mapka-2-robocza-pdf.jpg";s:5:"width";i:1058;s:6:"height";i:1497;s:9:"mime-type";s:10:"image/jpeg";}s:6:"medium";a:4:{s:4:"file";s:43:"pielgrzymki-mapka-2-robocza-pdf-212x300.jpg";s:5:"width";i:212;s:6:"height";i:300;s:9:"mime-type";s
7804	_wp_attached_file	2021/01/pielgrzymki-mapka-2-robocza.pdf
7804	_wp_attachment_metadata	a:1:{s:5:"sizes";a:4:{s:4:"full";a:4:{s:4:"file";s:35:"pielgrzymki-mapka-2-robocza-pdf.jpg";s:5:"width";i:1058;s:6:"height";i:1497;s:9:"mime-type";s:10:"image/jpeg";}s:6:"medium";a:4:{s:4:"file";s:43:"pielgrzymki-mapka-2-robocza-pdf-212x300.jpg";s:5:"width";i:212;s:6:"height";i:300;s:9:"mime-type";s
7805	_wp_attached_file	2021/01/Ziemia-Swieta-Na-strone.pdf
7805	_wp_attachment_metadata	a:1:{s:5:"sizes";a:4:{s:4:"full";a:4:{s:4:"file";s:31:"Ziemia-Swieta-Na-strone-pdf.jpg";s:5:"width";i:1058;s:6:"height";i:1497;s:9:"mime-type";s:10:"image/jpeg";}s:6:"medium";a:4:{s:4:"file";s:39:"Ziemia-Swieta-Na-strone-pdf-212x300.jpg";s:5:"width";i:212;s:6:"height";i:300;s:9:"mime-type";s:10:"ima
7806	_wp_attached_file	2021/01/Ziemia-Swieta-Na-strone.pdf
7806	_wp_attachment_metadata	a:1:{s:5:"sizes";a:4:{s:4:"full";a:4:{s:4:"file";s:31:"Ziemia-Swieta-Na-strone-pdf.jpg";s:5:"width";i:1058;s:6:"height";i:1497;s:9:"mime-type";s:10:"image/jpeg";}s:6:"medium";a:4:{s:4:"file";s:39:"Ziemia-Swieta-Na-strone-pdf-212x300.jpg";s:5:"width";i:212;s:6:"height";i:300;s:9:"mime-type";s:10:"ima
7807	_wp_attached_file	2021/01/objazdowe-mapka-1-robocza.pdf
7807	_wp_attachment_metadata	a:1:{s:5:"sizes";a:4:{s:4:"full";a:4:{s:4:"file";s:33:"objazdowe-mapka-1-robocza-pdf.jpg";s:5:"width";i:1058;s:6:"height";i:1497;s:9:"mime-type";s:10:"image/jpeg";}s:6:"medium";a:4:{s:4:"file";s:41:"objazdowe-mapka-1-robocza-pdf-212x300.jpg";s:5:"width";i:212;s:6:"height";i:300;s:9:"mime-type";s:10:
7808	_wp_attached_file	2021/01/objazdowe-mapka-1-robocza.pdf
7808	_wp_attachment_metadata	a:1:{s:5:"sizes";a:4:{s:4:"full";a:4:{s:4:"file";s:33:"objazdowe-mapka-1-robocza-pdf.jpg";s:5:"width";i:1058;s:6:"height";i:1497;s:9:"mime-type";s:10:"image/jpeg";}s:6:"medium";a:4:{s:4:"file";s:41:"objazdowe-mapka-1-robocza-pdf-212x300.jpg";s:5:"width";i:212;s:6:"height";i:300;s:9:"mime-type";s:10:
8054	_seopress_analysis_data	a:22:{s:5:"title";s:18:"I nostri itinerari";s:10:"target_kws";s:1801:"innamorarsi di cracovia!,cracovia!,cracovia krakow,cracovia,le quatro capitali,le quattro capitali della tetrarchia,le quattro capitali dell&#039;impero romano,meravigliosa polonia del sud,meravigliosa polonia del nord,grand tour 
8054	_seopress_analysis_target_kw	Innamorarsi di Cracovia!,Cracovia!,cracovia krakow,Cracovia,Le quatro capitali,le quattro capitali della tetrarchia,le quattro capitali dell'impero romano,Meravigliosa Polonia del sud,Meravigliosa Polonia del nord,Grand tour della Polonia,gran tour della polonia,Sulle orme del Santo Giovanni Paolo I
8136	_wp_attached_file	2021/01/1-Izrael-Sladami-Pana-Jezusa.pdf
8136	_wp_attachment_metadata	a:1:{s:5:"sizes";a:4:{s:4:"full";a:4:{s:4:"file";s:36:"1-Izrael-Sladami-Pana-Jezusa-pdf.jpg";s:5:"width";i:1495;s:6:"height";i:1058;s:9:"mime-type";s:10:"image/jpeg";}s:6:"medium";a:4:{s:4:"file";s:44:"1-Izrael-Sladami-Pana-Jezusa-pdf-300x212.jpg";s:5:"width";i:300;s:6:"height";i:212;s:9:"mime-type"
8137	_wp_attached_file	2021/01/1-Izrael-Sladami-Pana-Jezusa.pdf
8137	_wp_attachment_metadata	a:1:{s:5:"sizes";a:4:{s:4:"full";a:4:{s:4:"file";s:36:"1-Izrael-Sladami-Pana-Jezusa-pdf.jpg";s:5:"width";i:1495;s:6:"height";i:1058;s:9:"mime-type";s:10:"image/jpeg";}s:6:"medium";a:4:{s:4:"file";s:44:"1-Izrael-Sladami-Pana-Jezusa-pdf-300x212.jpg";s:5:"width";i:300;s:6:"height";i:212;s:9:"mime-type"
8139	_wp_attached_file	2021/01/11-Litwa-Z-wizyta-u-Matki-Bozej-Ostrobramskiej.pdf
8139	_wp_attachment_metadata	a:1:{s:5:"sizes";a:4:{s:4:"full";a:4:{s:4:"file";s:54:"11-Litwa-Z-wizyta-u-Matki-Bozej-Ostrobramskiej-pdf.jpg";s:5:"width";i:1495;s:6:"height";i:1058;s:9:"mime-type";s:10:"image/jpeg";}s:6:"medium";a:4:{s:4:"file";s:62:"11-Litwa-Z-wizyta-u-Matki-Bozej-Ostrobramskiej-pdf-300x212.jpg";s:5:"width";i:30
8140	_wp_attached_file	2021/01/11-Litwa-Z-wizyta-u-Matki-Bozej-Ostrobramskiej.pdf
8140	_wp_attachment_metadata	a:1:{s:5:"sizes";a:4:{s:4:"full";a:4:{s:4:"file";s:54:"11-Litwa-Z-wizyta-u-Matki-Bozej-Ostrobramskiej-pdf.jpg";s:5:"width";i:1495;s:6:"height";i:1058;s:9:"mime-type";s:10:"image/jpeg";}s:6:"medium";a:4:{s:4:"file";s:62:"11-Litwa-Z-wizyta-u-Matki-Bozej-Ostrobramskiej-pdf-300x212.jpg";s:5:"width";i:30
8141	_wp_attached_file	2021/01/12-Chorwacja-Bosnia-i-Hercegowina-Perly-Chorwacji-i-Medjugorje.pdf
8141	_wp_attachment_metadata	a:1:{s:5:"sizes";a:4:{s:4:"full";a:4:{s:4:"file";s:70:"12-Chorwacja-Bosnia-i-Hercegowina-Perly-Chorwacji-i-Medjugorje-pdf.jpg";s:5:"width";i:1495;s:6:"height";i:1058;s:9:"mime-type";s:10:"image/jpeg";}s:6:"medium";a:4:{s:4:"file";s:78:"12-Chorwacja-Bosnia-i-Hercegowina-Perly-Chorwacji-i-Medjugorje-p
8142	_wp_attached_file	2021/01/12-Chorwacja-Bosnia-i-Hercegowina-Perly-Chorwacji-i-Medjugorje.pdf
8142	_wp_attachment_metadata	a:1:{s:5:"sizes";a:4:{s:4:"full";a:4:{s:4:"file";s:70:"12-Chorwacja-Bosnia-i-Hercegowina-Perly-Chorwacji-i-Medjugorje-pdf.jpg";s:5:"width";i:1495;s:6:"height";i:1058;s:9:"mime-type";s:10:"image/jpeg";}s:6:"medium";a:4:{s:4:"file";s:78:"12-Chorwacja-Bosnia-i-Hercegowina-Perly-Chorwacji-i-Medjugorje-p
8143	_wp_attached_file	2021/01/13-Meksyk-Pielgrzymka-do-Matki-Bozej-z-Guadalupe.pdf
8143	_wp_attachment_metadata	a:1:{s:5:"sizes";a:4:{s:4:"full";a:4:{s:4:"file";s:56:"13-Meksyk-Pielgrzymka-do-Matki-Bozej-z-Guadalupe-pdf.jpg";s:5:"width";i:1495;s:6:"height";i:1058;s:9:"mime-type";s:10:"image/jpeg";}s:6:"medium";a:4:{s:4:"file";s:64:"13-Meksyk-Pielgrzymka-do-Matki-Bozej-z-Guadalupe-pdf-300x212.jpg";s:5:"width";
8144	_wp_attached_file	2021/01/13-Meksyk-Pielgrzymka-do-Matki-Bozej-z-Guadalupe.pdf
8144	_wp_attachment_metadata	a:1:{s:5:"sizes";a:4:{s:4:"full";a:4:{s:4:"file";s:56:"13-Meksyk-Pielgrzymka-do-Matki-Bozej-z-Guadalupe-pdf.jpg";s:5:"width";i:1495;s:6:"height";i:1058;s:9:"mime-type";s:10:"image/jpeg";}s:6:"medium";a:4:{s:4:"file";s:64:"13-Meksyk-Pielgrzymka-do-Matki-Bozej-z-Guadalupe-pdf-300x212.jpg";s:5:"width";
8145	_wp_attached_file	2021/01/14-Grecja-Sladami-sw.-Pawla-od-Aten-do-Salonik.pdf
8145	_wp_attachment_metadata	a:1:{s:5:"sizes";a:4:{s:4:"full";a:4:{s:4:"file";s:54:"14-Grecja-Sladami-sw.-Pawla-od-Aten-do-Salonik-pdf.jpg";s:5:"width";i:1495;s:6:"height";i:1058;s:9:"mime-type";s:10:"image/jpeg";}s:6:"medium";a:4:{s:4:"file";s:62:"14-Grecja-Sladami-sw.-Pawla-od-Aten-do-Salonik-pdf-300x212.jpg";s:5:"width";i:30
8146	_wp_attached_file	2021/01/14-Grecja-Sladami-sw.-Pawla-od-Aten-do-Salonik.pdf
8146	_wp_attachment_metadata	a:1:{s:5:"sizes";a:4:{s:4:"full";a:4:{s:4:"file";s:54:"14-Grecja-Sladami-sw.-Pawla-od-Aten-do-Salonik-pdf.jpg";s:5:"width";i:1495;s:6:"height";i:1058;s:9:"mime-type";s:10:"image/jpeg";}s:6:"medium";a:4:{s:4:"file";s:62:"14-Grecja-Sladami-sw.-Pawla-od-Aten-do-Salonik-pdf-300x212.jpg";s:5:"width";i:30
8147	_wp_attached_file	2021/01/15-Turcja-Sladami-sw.-Pawla.pdf
8147	_wp_attachment_metadata	a:1:{s:5:"sizes";a:4:{s:4:"full";a:4:{s:4:"file";s:35:"15-Turcja-Sladami-sw.-Pawla-pdf.jpg";s:5:"width";i:1495;s:6:"height";i:1058;s:9:"mime-type";s:10:"image/jpeg";}s:6:"medium";a:4:{s:4:"file";s:43:"15-Turcja-Sladami-sw.-Pawla-pdf-300x212.jpg";s:5:"width";i:300;s:6:"height";i:212;s:9:"mime-type";s
8148	_wp_attached_file	2021/01/15-Turcja-Sladami-sw.-Pawla.pdf
8148	_wp_attachment_metadata	a:1:{s:5:"sizes";a:4:{s:4:"full";a:4:{s:4:"file";s:35:"15-Turcja-Sladami-sw.-Pawla-pdf.jpg";s:5:"width";i:1495;s:6:"height";i:1058;s:9:"mime-type";s:10:"image/jpeg";}s:6:"medium";a:4:{s:4:"file";s:43:"15-Turcja-Sladami-sw.-Pawla-pdf-300x212.jpg";s:5:"width";i:300;s:6:"height";i:212;s:9:"mime-type";s
8149	_wp_attached_file	2021/01/16-Malta-Wyspa-sw.-Pawla.pdf
8149	_wp_attachment_metadata	a:1:{s:5:"sizes";a:4:{s:4:"full";a:4:{s:4:"file";s:32:"16-Malta-Wyspa-sw.-Pawla-pdf.jpg";s:5:"width";i:1495;s:6:"height";i:1058;s:9:"mime-type";s:10:"image/jpeg";}s:6:"medium";a:4:{s:4:"file";s:40:"16-Malta-Wyspa-sw.-Pawla-pdf-300x212.jpg";s:5:"width";i:300;s:6:"height";i:212;s:9:"mime-type";s:10:"i
8150	_wp_attached_file	2021/01/16-Malta-Wyspa-sw.-Pawla.pdf
8150	_wp_attachment_metadata	a:1:{s:5:"sizes";a:4:{s:4:"full";a:4:{s:4:"file";s:32:"16-Malta-Wyspa-sw.-Pawla-pdf.jpg";s:5:"width";i:1495;s:6:"height";i:1058;s:9:"mime-type";s:10:"image/jpeg";}s:6:"medium";a:4:{s:4:"file";s:40:"16-Malta-Wyspa-sw.-Pawla-pdf-300x212.jpg";s:5:"width";i:300;s:6:"height";i:212;s:9:"mime-type";s:10:"i
8151	_wp_attached_file	2021/01/17-Wlochy-Sladami-Swietych-i-Apostolow.pdf
8151	_wp_attachment_metadata	a:1:{s:5:"sizes";a:4:{s:4:"full";a:4:{s:4:"file";s:46:"17-Wlochy-Sladami-Swietych-i-Apostolow-pdf.jpg";s:5:"width";i:1495;s:6:"height";i:1058;s:9:"mime-type";s:10:"image/jpeg";}s:6:"medium";a:4:{s:4:"file";s:54:"17-Wlochy-Sladami-Swietych-i-Apostolow-pdf-300x212.jpg";s:5:"width";i:300;s:6:"height";i
8152	_wp_attached_file	2021/01/17-Wlochy-Sladami-Swietych-i-Apostolow.pdf
8152	_wp_attachment_metadata	a:1:{s:5:"sizes";a:4:{s:4:"full";a:4:{s:4:"file";s:46:"17-Wlochy-Sladami-Swietych-i-Apostolow-pdf.jpg";s:5:"width";i:1495;s:6:"height";i:1058;s:9:"mime-type";s:10:"image/jpeg";}s:6:"medium";a:4:{s:4:"file";s:54:"17-Wlochy-Sladami-Swietych-i-Apostolow-pdf-300x212.jpg";s:5:"width";i:300;s:6:"height";i
8153	_wp_attached_file	2021/01/18-Wlochy-Sanktuaria-Italii.pdf
8153	_wp_attachment_metadata	a:1:{s:5:"sizes";a:4:{s:4:"full";a:4:{s:4:"file";s:35:"18-Wlochy-Sanktuaria-Italii-pdf.jpg";s:5:"width";i:1495;s:6:"height";i:1058;s:9:"mime-type";s:10:"image/jpeg";}s:6:"medium";a:4:{s:4:"file";s:43:"18-Wlochy-Sanktuaria-Italii-pdf-300x212.jpg";s:5:"width";i:300;s:6:"height";i:212;s:9:"mime-type";s
8154	_wp_attached_file	2021/01/18-Wlochy-Sanktuaria-Italii.pdf
8154	_wp_attachment_metadata	a:1:{s:5:"sizes";a:4:{s:4:"full";a:4:{s:4:"file";s:35:"18-Wlochy-Sanktuaria-Italii-pdf.jpg";s:5:"width";i:1495;s:6:"height";i:1058;s:9:"mime-type";s:10:"image/jpeg";}s:6:"medium";a:4:{s:4:"file";s:43:"18-Wlochy-Sanktuaria-Italii-pdf-300x212.jpg";s:5:"width";i:300;s:6:"height";i:212;s:9:"mime-type";s
8155	_wp_attached_file	2021/01/19-Wlochy-Sladami-Swietego-z-Pietrelciny.pdf
8155	_wp_attachment_metadata	a:1:{s:5:"sizes";a:4:{s:4:"full";a:4:{s:4:"file";s:48:"19-Wlochy-Sladami-Swietego-z-Pietrelciny-pdf.jpg";s:5:"width";i:1495;s:6:"height";i:1058;s:9:"mime-type";s:10:"image/jpeg";}s:6:"medium";a:4:{s:4:"file";s:56:"19-Wlochy-Sladami-Swietego-z-Pietrelciny-pdf-300x212.jpg";s:5:"width";i:300;s:6:"heigh
8156	_wp_attached_file	2021/01/19-Wlochy-Sladami-Swietego-z-Pietrelciny.pdf
8156	_wp_attachment_metadata	a:1:{s:5:"sizes";a:4:{s:4:"full";a:4:{s:4:"file";s:48:"19-Wlochy-Sladami-Swietego-z-Pietrelciny-pdf.jpg";s:5:"width";i:1495;s:6:"height";i:1058;s:9:"mime-type";s:10:"image/jpeg";}s:6:"medium";a:4:{s:4:"file";s:56:"19-Wlochy-Sladami-Swietego-z-Pietrelciny-pdf-300x212.jpg";s:5:"width";i:300;s:6:"heigh
8157	_wp_attached_file	2021/01/20-Hiszpania-Sladami-sw.-Teresy-od-Jezusa.pdf
8157	_wp_attachment_metadata	a:1:{s:5:"sizes";a:4:{s:4:"full";a:4:{s:4:"file";s:49:"20-Hiszpania-Sladami-sw.-Teresy-od-Jezusa-pdf.jpg";s:5:"width";i:1495;s:6:"height";i:1058;s:9:"mime-type";s:10:"image/jpeg";}s:6:"medium";a:4:{s:4:"file";s:57:"20-Hiszpania-Sladami-sw.-Teresy-od-Jezusa-pdf-300x212.jpg";s:5:"width";i:300;s:6:"hei
8158	_wp_attached_file	2021/01/20-Hiszpania-Sladami-sw.-Teresy-od-Jezusa.pdf
8158	_wp_attachment_metadata	a:1:{s:5:"sizes";a:4:{s:4:"full";a:4:{s:4:"file";s:49:"20-Hiszpania-Sladami-sw.-Teresy-od-Jezusa-pdf.jpg";s:5:"width";i:1495;s:6:"height";i:1058;s:9:"mime-type";s:10:"image/jpeg";}s:6:"medium";a:4:{s:4:"file";s:57:"20-Hiszpania-Sladami-sw.-Teresy-od-Jezusa-pdf-300x212.jpg";s:5:"width";i:300;s:6:"hei
8159	_wp_attached_file	2021/01/21-Irlandia-Szlakiem-sw.-Patryka.pdf
8159	_wp_attachment_metadata	a:1:{s:5:"sizes";a:4:{s:4:"full";a:4:{s:4:"file";s:40:"21-Irlandia-Szlakiem-sw.-Patryka-pdf.jpg";s:5:"width";i:1495;s:6:"height";i:1058;s:9:"mime-type";s:10:"image/jpeg";}s:6:"medium";a:4:{s:4:"file";s:48:"21-Irlandia-Szlakiem-sw.-Patryka-pdf-300x212.jpg";s:5:"width";i:300;s:6:"height";i:212;s:9:"mi
8160	_wp_attached_file	2021/01/21-Irlandia-Szlakiem-sw.-Patryka.pdf
8160	_wp_attachment_metadata	a:1:{s:5:"sizes";a:4:{s:4:"full";a:4:{s:4:"file";s:40:"21-Irlandia-Szlakiem-sw.-Patryka-pdf.jpg";s:5:"width";i:1495;s:6:"height";i:1058;s:9:"mime-type";s:10:"image/jpeg";}s:6:"medium";a:4:{s:4:"file";s:48:"21-Irlandia-Szlakiem-sw.-Patryka-pdf-300x212.jpg";s:5:"width";i:300;s:6:"height";i:212;s:9:"mi
8161	_wp_attached_file	2021/01/2-Izrael-Egipt-Ziemia-Swieta-z-Gora-Synaj.pdf
8161	_wp_attachment_metadata	a:1:{s:5:"sizes";a:4:{s:4:"full";a:4:{s:4:"file";s:49:"2-Izrael-Egipt-Ziemia-Swieta-z-Gora-Synaj-pdf.jpg";s:5:"width";i:1495;s:6:"height";i:1058;s:9:"mime-type";s:10:"image/jpeg";}s:6:"medium";a:4:{s:4:"file";s:57:"2-Izrael-Egipt-Ziemia-Swieta-z-Gora-Synaj-pdf-300x212.jpg";s:5:"width";i:300;s:6:"hei
8162	_wp_attached_file	2021/01/2-Izrael-Egipt-Ziemia-Swieta-z-Gora-Synaj.pdf
8162	_wp_attachment_metadata	a:1:{s:5:"sizes";a:4:{s:4:"full";a:4:{s:4:"file";s:49:"2-Izrael-Egipt-Ziemia-Swieta-z-Gora-Synaj-pdf.jpg";s:5:"width";i:1495;s:6:"height";i:1058;s:9:"mime-type";s:10:"image/jpeg";}s:6:"medium";a:4:{s:4:"file";s:57:"2-Izrael-Egipt-Ziemia-Swieta-z-Gora-Synaj-pdf-300x212.jpg";s:5:"width";i:300;s:6:"hei
8163	_wp_attached_file	2021/01/3-Izrael-Jordania-Ziemia-Swieta-z-Jordania.pdf
8163	_wp_attachment_metadata	a:1:{s:5:"sizes";a:4:{s:4:"full";a:4:{s:4:"file";s:50:"3-Izrael-Jordania-Ziemia-Swieta-z-Jordania-pdf.jpg";s:5:"width";i:1495;s:6:"height";i:1058;s:9:"mime-type";s:10:"image/jpeg";}s:6:"medium";a:4:{s:4:"file";s:58:"3-Izrael-Jordania-Ziemia-Swieta-z-Jordania-pdf-300x212.jpg";s:5:"width";i:300;s:6:"h
8164	_wp_attached_file	2021/01/3-Izrael-Jordania-Ziemia-Swieta-z-Jordania.pdf
8164	_wp_attachment_metadata	a:1:{s:5:"sizes";a:4:{s:4:"full";a:4:{s:4:"file";s:50:"3-Izrael-Jordania-Ziemia-Swieta-z-Jordania-pdf.jpg";s:5:"width";i:1495;s:6:"height";i:1058;s:9:"mime-type";s:10:"image/jpeg";}s:6:"medium";a:4:{s:4:"file";s:58:"3-Izrael-Jordania-Ziemia-Swieta-z-Jordania-pdf-300x212.jpg";s:5:"width";i:300;s:6:"h
8165	_wp_attached_file	2021/01/4-Liban-Pielgrzymka-do-grobu-sw.-Ojca-Charbela.pdf
8165	_wp_attachment_metadata	a:1:{s:5:"sizes";a:4:{s:4:"full";a:4:{s:4:"file";s:54:"4-Liban-Pielgrzymka-do-grobu-sw.-Ojca-Charbela-pdf.jpg";s:5:"width";i:1495;s:6:"height";i:1058;s:9:"mime-type";s:10:"image/jpeg";}s:6:"medium";a:4:{s:4:"file";s:62:"4-Liban-Pielgrzymka-do-grobu-sw.-Ojca-Charbela-pdf-300x212.jpg";s:5:"width";i:30
8166	_wp_attached_file	2021/01/4-Liban-Pielgrzymka-do-grobu-sw.-Ojca-Charbela.pdf
8166	_wp_attachment_metadata	a:1:{s:5:"sizes";a:4:{s:4:"full";a:4:{s:4:"file";s:54:"4-Liban-Pielgrzymka-do-grobu-sw.-Ojca-Charbela-pdf.jpg";s:5:"width";i:1495;s:6:"height";i:1058;s:9:"mime-type";s:10:"image/jpeg";}s:6:"medium";a:4:{s:4:"file";s:62:"4-Liban-Pielgrzymka-do-grobu-sw.-Ojca-Charbela-pdf-300x212.jpg";s:5:"width";i:30
8167	_wp_attached_file	2021/01/5-Gruzja-Armenia-Kolebka-Chrzescijanstwa.pdf
8167	_wp_attachment_metadata	a:1:{s:5:"sizes";a:4:{s:4:"full";a:4:{s:4:"file";s:48:"5-Gruzja-Armenia-Kolebka-Chrzescijanstwa-pdf.jpg";s:5:"width";i:1495;s:6:"height";i:1058;s:9:"mime-type";s:10:"image/jpeg";}s:6:"medium";a:4:{s:4:"file";s:56:"5-Gruzja-Armenia-Kolebka-Chrzescijanstwa-pdf-300x212.jpg";s:5:"width";i:300;s:6:"heigh
8168	_wp_attached_file	2021/01/5-Gruzja-Armenia-Kolebka-Chrzescijanstwa.pdf
8168	_wp_attachment_metadata	a:1:{s:5:"sizes";a:4:{s:4:"full";a:4:{s:4:"file";s:48:"5-Gruzja-Armenia-Kolebka-Chrzescijanstwa-pdf.jpg";s:5:"width";i:1495;s:6:"height";i:1058;s:9:"mime-type";s:10:"image/jpeg";}s:6:"medium";a:4:{s:4:"file";s:56:"5-Gruzja-Armenia-Kolebka-Chrzescijanstwa-pdf-300x212.jpg";s:5:"width";i:300;s:6:"heigh
8169	_wp_attached_file	2021/01/6-Francja-Hiszpania-Portugalia-Szlak-Wielkich-Objawien-Maryjnych.pdf
8169	_wp_attachment_metadata	a:1:{s:5:"sizes";a:4:{s:4:"full";a:4:{s:4:"file";s:72:"6-Francja-Hiszpania-Portugalia-Szlak-Wielkich-Objawien-Maryjnych-pdf.jpg";s:5:"width";i:1495;s:6:"height";i:1058;s:9:"mime-type";s:10:"image/jpeg";}s:6:"medium";a:4:{s:4:"file";s:80:"6-Francja-Hiszpania-Portugalia-Szlak-Wielkich-Objawien-Maryjny
8170	_wp_attached_file	2021/01/6-Francja-Hiszpania-Portugalia-Szlak-Wielkich-Objawien-Maryjnych.pdf
8170	_wp_attachment_metadata	a:1:{s:5:"sizes";a:4:{s:4:"full";a:4:{s:4:"file";s:72:"6-Francja-Hiszpania-Portugalia-Szlak-Wielkich-Objawien-Maryjnych-pdf.jpg";s:5:"width";i:1495;s:6:"height";i:1058;s:9:"mime-type";s:10:"image/jpeg";}s:6:"medium";a:4:{s:4:"file";s:80:"6-Francja-Hiszpania-Portugalia-Szlak-Wielkich-Objawien-Maryjny
8171	_wp_attached_file	2021/01/7-Portugalia-Hiszpania-Pielgrzymim-szlakiem-do-Fatimy-i-S.-de-Compostela.pdf
8171	_wp_attachment_metadata	a:1:{s:5:"sizes";a:4:{s:4:"full";a:4:{s:4:"file";s:80:"7-Portugalia-Hiszpania-Pielgrzymim-szlakiem-do-Fatimy-i-S.-de-Compostela-pdf.jpg";s:5:"width";i:1495;s:6:"height";i:1058;s:9:"mime-type";s:10:"image/jpeg";}s:6:"medium";a:4:{s:4:"file";s:88:"7-Portugalia-Hiszpania-Pielgrzymim-szlakiem-do-Fatimy-
8172	_wp_attached_file	2021/01/7-Portugalia-Hiszpania-Pielgrzymim-szlakiem-do-Fatimy-i-S.-de-Compostela.pdf
8172	_wp_attachment_metadata	a:1:{s:5:"sizes";a:4:{s:4:"full";a:4:{s:4:"file";s:80:"7-Portugalia-Hiszpania-Pielgrzymim-szlakiem-do-Fatimy-i-S.-de-Compostela-pdf.jpg";s:5:"width";i:1495;s:6:"height";i:1058;s:9:"mime-type";s:10:"image/jpeg";}s:6:"medium";a:4:{s:4:"file";s:88:"7-Portugalia-Hiszpania-Pielgrzymim-szlakiem-do-Fatimy-
8173	_wp_attached_file	2021/01/8-Francja-Sanktuaria-Maryjne-Francji.pdf
8173	_wp_attachment_metadata	a:1:{s:5:"sizes";a:4:{s:4:"full";a:4:{s:4:"file";s:44:"8-Francja-Sanktuaria-Maryjne-Francji-pdf.jpg";s:5:"width";i:1495;s:6:"height";i:1058;s:9:"mime-type";s:10:"image/jpeg";}s:6:"medium";a:4:{s:4:"file";s:52:"8-Francja-Sanktuaria-Maryjne-Francji-pdf-300x212.jpg";s:5:"width";i:300;s:6:"height";i:212
8174	_wp_attached_file	2021/01/8-Francja-Sanktuaria-Maryjne-Francji.pdf
8174	_wp_attachment_metadata	a:1:{s:5:"sizes";a:4:{s:4:"full";a:4:{s:4:"file";s:44:"8-Francja-Sanktuaria-Maryjne-Francji-pdf.jpg";s:5:"width";i:1495;s:6:"height";i:1058;s:9:"mime-type";s:10:"image/jpeg";}s:6:"medium";a:4:{s:4:"file";s:52:"8-Francja-Sanktuaria-Maryjne-Francji-pdf-300x212.jpg";s:5:"width";i:300;s:6:"height";i:212
8175	_wp_attached_file	2021/01/9-Francja-Hiszpania-Na-pielgrzymim-szlaku-wokol-Pirenejow.pdf
8175	_wp_attachment_metadata	a:1:{s:5:"sizes";a:4:{s:4:"full";a:4:{s:4:"file";s:65:"9-Francja-Hiszpania-Na-pielgrzymim-szlaku-wokol-Pirenejow-pdf.jpg";s:5:"width";i:1495;s:6:"height";i:1058;s:9:"mime-type";s:10:"image/jpeg";}s:6:"medium";a:4:{s:4:"file";s:73:"9-Francja-Hiszpania-Na-pielgrzymim-szlaku-wokol-Pirenejow-pdf-300x212
8176	_wp_attached_file	2021/01/9-Francja-Hiszpania-Na-pielgrzymim-szlaku-wokol-Pirenejow.pdf
8176	_wp_attachment_metadata	a:1:{s:5:"sizes";a:4:{s:4:"full";a:4:{s:4:"file";s:65:"9-Francja-Hiszpania-Na-pielgrzymim-szlaku-wokol-Pirenejow-pdf.jpg";s:5:"width";i:1495;s:6:"height";i:1058;s:9:"mime-type";s:10:"image/jpeg";}s:6:"medium";a:4:{s:4:"file";s:73:"9-Francja-Hiszpania-Na-pielgrzymim-szlaku-wokol-Pirenejow-pdf-300x212
8177	_wp_attached_file	2021/01/10-Szlakiem-alpejskich-Sanktuariow-Maryjnych.pdf
8177	_wp_attachment_metadata	a:1:{s:5:"sizes";a:4:{s:4:"full";a:4:{s:4:"file";s:52:"10-Szlakiem-alpejskich-Sanktuariow-Maryjnych-pdf.jpg";s:5:"width";i:1495;s:6:"height";i:1058;s:9:"mime-type";s:10:"image/jpeg";}s:6:"medium";a:4:{s:4:"file";s:60:"10-Szlakiem-alpejskich-Sanktuariow-Maryjnych-pdf-300x212.jpg";s:5:"width";i:300;s:
8178	_wp_attached_file	2021/01/10-Szlakiem-alpejskich-Sanktuariow-Maryjnych.pdf
8178	_wp_attachment_metadata	a:1:{s:5:"sizes";a:4:{s:4:"full";a:4:{s:4:"file";s:52:"10-Szlakiem-alpejskich-Sanktuariow-Maryjnych-pdf.jpg";s:5:"width";i:1495;s:6:"height";i:1058;s:9:"mime-type";s:10:"image/jpeg";}s:6:"medium";a:4:{s:4:"file";s:60:"10-Szlakiem-alpejskich-Sanktuariow-Maryjnych-pdf-300x212.jpg";s:5:"width";i:300;s:
8242	_wp_attached_file	2021/01/17-Rosja-Historia-Imperium.pdf
8242	_wp_attachment_metadata	a:1:{s:5:"sizes";a:4:{s:4:"full";a:4:{s:4:"file";s:34:"17-Rosja-Historia-Imperium-pdf.jpg";s:5:"width";i:1495;s:6:"height";i:1058;s:9:"mime-type";s:10:"image/jpeg";}s:6:"medium";a:4:{s:4:"file";s:42:"17-Rosja-Historia-Imperium-pdf-300x212.jpg";s:5:"width";i:300;s:6:"height";i:212;s:9:"mime-type";s:1
8243	_wp_attached_file	2021/01/17-Rosja-Historia-Imperium.pdf
8243	_wp_attachment_metadata	a:1:{s:5:"sizes";a:4:{s:4:"full";a:4:{s:4:"file";s:34:"17-Rosja-Historia-Imperium-pdf.jpg";s:5:"width";i:1495;s:6:"height";i:1058;s:9:"mime-type";s:10:"image/jpeg";}s:6:"medium";a:4:{s:4:"file";s:42:"17-Rosja-Historia-Imperium-pdf-300x212.jpg";s:5:"width";i:300;s:6:"height";i:212;s:9:"mime-type";s:1
8244	_wp_attached_file	2021/01/18-Rosja-Petersburg-Wenecja-Polnocy.pdf
8244	_wp_attachment_metadata	a:1:{s:5:"sizes";a:4:{s:4:"full";a:4:{s:4:"file";s:43:"18-Rosja-Petersburg-Wenecja-Polnocy-pdf.jpg";s:5:"width";i:1495;s:6:"height";i:1058;s:9:"mime-type";s:10:"image/jpeg";}s:6:"medium";a:4:{s:4:"file";s:51:"18-Rosja-Petersburg-Wenecja-Polnocy-pdf-300x212.jpg";s:5:"width";i:300;s:6:"height";i:212;s
8245	_wp_attached_file	2021/01/18-Rosja-Petersburg-Wenecja-Polnocy.pdf
8245	_wp_attachment_metadata	a:1:{s:5:"sizes";a:4:{s:4:"full";a:4:{s:4:"file";s:43:"18-Rosja-Petersburg-Wenecja-Polnocy-pdf.jpg";s:5:"width";i:1495;s:6:"height";i:1058;s:9:"mime-type";s:10:"image/jpeg";}s:6:"medium";a:4:{s:4:"file";s:51:"18-Rosja-Petersburg-Wenecja-Polnocy-pdf-300x212.jpg";s:5:"width";i:300;s:6:"height";i:212;s
8246	_wp_attached_file	2021/01/19-Rumunia-W-krainie-Drakuli.pdf
8246	_wp_attachment_metadata	a:1:{s:5:"sizes";a:4:{s:4:"full";a:4:{s:4:"file";s:36:"19-Rumunia-W-krainie-Drakuli-pdf.jpg";s:5:"width";i:1495;s:6:"height";i:1058;s:9:"mime-type";s:10:"image/jpeg";}s:6:"medium";a:4:{s:4:"file";s:44:"19-Rumunia-W-krainie-Drakuli-pdf-300x212.jpg";s:5:"width";i:300;s:6:"height";i:212;s:9:"mime-type"
8247	_wp_attached_file	2021/01/19-Rumunia-W-krainie-Drakuli.pdf
8247	_wp_attachment_metadata	a:1:{s:5:"sizes";a:4:{s:4:"full";a:4:{s:4:"file";s:36:"19-Rumunia-W-krainie-Drakuli-pdf.jpg";s:5:"width";i:1495;s:6:"height";i:1058;s:9:"mime-type";s:10:"image/jpeg";}s:6:"medium";a:4:{s:4:"file";s:44:"19-Rumunia-W-krainie-Drakuli-pdf-300x212.jpg";s:5:"width";i:300;s:6:"height";i:212;s:9:"mime-type"
8248	_wp_attached_file	2021/01/20-Szkocja-Szkockie-klimaty.pdf
8248	_wp_attachment_metadata	a:1:{s:5:"sizes";a:4:{s:4:"full";a:4:{s:4:"file";s:35:"20-Szkocja-Szkockie-klimaty-pdf.jpg";s:5:"width";i:1495;s:6:"height";i:1058;s:9:"mime-type";s:10:"image/jpeg";}s:6:"medium";a:4:{s:4:"file";s:43:"20-Szkocja-Szkockie-klimaty-pdf-300x212.jpg";s:5:"width";i:300;s:6:"height";i:212;s:9:"mime-type";s
8249	_wp_attached_file	2021/01/20-Szkocja-Szkockie-klimaty.pdf
8249	_wp_attachment_metadata	a:1:{s:5:"sizes";a:4:{s:4:"full";a:4:{s:4:"file";s:35:"20-Szkocja-Szkockie-klimaty-pdf.jpg";s:5:"width";i:1495;s:6:"height";i:1058;s:9:"mime-type";s:10:"image/jpeg";}s:6:"medium";a:4:{s:4:"file";s:43:"20-Szkocja-Szkockie-klimaty-pdf-300x212.jpg";s:5:"width";i:300;s:6:"height";i:212;s:9:"mime-type";s
8250	_wp_attached_file	2021/01/21-Szwajcaria-Alpejska-kraina.pdf
8250	_wp_attachment_metadata	a:1:{s:5:"sizes";a:4:{s:4:"full";a:4:{s:4:"file";s:37:"21-Szwajcaria-Alpejska-kraina-pdf.jpg";s:5:"width";i:1495;s:6:"height";i:1058;s:9:"mime-type";s:10:"image/jpeg";}s:6:"medium";a:4:{s:4:"file";s:45:"21-Szwajcaria-Alpejska-kraina-pdf-300x212.jpg";s:5:"width";i:300;s:6:"height";i:212;s:9:"mime-typ
8251	_wp_attached_file	2021/01/21-Szwajcaria-Alpejska-kraina.pdf
8251	_wp_attachment_metadata	a:1:{s:5:"sizes";a:4:{s:4:"full";a:4:{s:4:"file";s:37:"21-Szwajcaria-Alpejska-kraina-pdf.jpg";s:5:"width";i:1495;s:6:"height";i:1058;s:9:"mime-type";s:10:"image/jpeg";}s:6:"medium";a:4:{s:4:"file";s:45:"21-Szwajcaria-Alpejska-kraina-pdf-300x212.jpg";s:5:"width";i:300;s:6:"height";i:212;s:9:"mime-typ
8252	_wp_attached_file	2021/01/22-Wegry-Budapeszt-Naddunajska-stolica.pdf
8252	_wp_attachment_metadata	a:1:{s:5:"sizes";a:4:{s:4:"full";a:4:{s:4:"file";s:46:"22-Wegry-Budapeszt-Naddunajska-stolica-pdf.jpg";s:5:"width";i:1495;s:6:"height";i:1058;s:9:"mime-type";s:10:"image/jpeg";}s:6:"medium";a:4:{s:4:"file";s:54:"22-Wegry-Budapeszt-Naddunajska-stolica-pdf-300x212.jpg";s:5:"width";i:300;s:6:"height";i
8253	_wp_attached_file	2021/01/22-Wegry-Budapeszt-Naddunajska-stolica.pdf
8253	_wp_attachment_metadata	a:1:{s:5:"sizes";a:4:{s:4:"full";a:4:{s:4:"file";s:46:"22-Wegry-Budapeszt-Naddunajska-stolica-pdf.jpg";s:5:"width";i:1495;s:6:"height";i:1058;s:9:"mime-type";s:10:"image/jpeg";}s:6:"medium";a:4:{s:4:"file";s:54:"22-Wegry-Budapeszt-Naddunajska-stolica-pdf-300x212.jpg";s:5:"width";i:300;s:6:"height";i
8254	_wp_attached_file	2021/01/23-Wlochy-Klasycznym-szlakiem.pdf
8254	_wp_attachment_metadata	a:1:{s:5:"sizes";a:4:{s:4:"full";a:4:{s:4:"file";s:37:"23-Wlochy-Klasycznym-szlakiem-pdf.jpg";s:5:"width";i:1495;s:6:"height";i:1058;s:9:"mime-type";s:10:"image/jpeg";}s:6:"medium";a:4:{s:4:"file";s:45:"23-Wlochy-Klasycznym-szlakiem-pdf-300x212.jpg";s:5:"width";i:300;s:6:"height";i:212;s:9:"mime-typ
8255	_wp_attached_file	2021/01/23-Wlochy-Klasycznym-szlakiem.pdf
8255	_wp_attachment_metadata	a:1:{s:5:"sizes";a:4:{s:4:"full";a:4:{s:4:"file";s:37:"23-Wlochy-Klasycznym-szlakiem-pdf.jpg";s:5:"width";i:1495;s:6:"height";i:1058;s:9:"mime-type";s:10:"image/jpeg";}s:6:"medium";a:4:{s:4:"file";s:45:"23-Wlochy-Klasycznym-szlakiem-pdf-300x212.jpg";s:5:"width";i:300;s:6:"height";i:212;s:9:"mime-typ
8256	_wp_attached_file	2021/01/24-Wlochy-Skarby-Italii.pdf
8256	_wp_attachment_metadata	a:1:{s:5:"sizes";a:4:{s:4:"full";a:4:{s:4:"file";s:31:"24-Wlochy-Skarby-Italii-pdf.jpg";s:5:"width";i:1495;s:6:"height";i:1058;s:9:"mime-type";s:10:"image/jpeg";}s:6:"medium";a:4:{s:4:"file";s:39:"24-Wlochy-Skarby-Italii-pdf-300x212.jpg";s:5:"width";i:300;s:6:"height";i:212;s:9:"mime-type";s:10:"ima
8257	_wp_attached_file	2021/01/24-Wlochy-Skarby-Italii.pdf
8257	_wp_attachment_metadata	a:1:{s:5:"sizes";a:4:{s:4:"full";a:4:{s:4:"file";s:31:"24-Wlochy-Skarby-Italii-pdf.jpg";s:5:"width";i:1495;s:6:"height";i:1058;s:9:"mime-type";s:10:"image/jpeg";}s:6:"medium";a:4:{s:4:"file";s:39:"24-Wlochy-Skarby-Italii-pdf-300x212.jpg";s:5:"width";i:300;s:6:"height";i:212;s:9:"mime-type";s:10:"ima
8258	_wp_attached_file	2021/01/25-Wlochy-Rzym-Wieczne-Miasto.pdf
8258	_wp_attachment_metadata	a:1:{s:5:"sizes";a:4:{s:4:"full";a:4:{s:4:"file";s:37:"25-Wlochy-Rzym-Wieczne-Miasto-pdf.jpg";s:5:"width";i:1495;s:6:"height";i:1058;s:9:"mime-type";s:10:"image/jpeg";}s:6:"medium";a:4:{s:4:"file";s:45:"25-Wlochy-Rzym-Wieczne-Miasto-pdf-300x212.jpg";s:5:"width";i:300;s:6:"height";i:212;s:9:"mime-typ
8259	_wp_attached_file	2021/01/25-Wlochy-Rzym-Wieczne-Miasto.pdf
8259	_wp_attachment_metadata	a:1:{s:5:"sizes";a:4:{s:4:"full";a:4:{s:4:"file";s:37:"25-Wlochy-Rzym-Wieczne-Miasto-pdf.jpg";s:5:"width";i:1495;s:6:"height";i:1058;s:9:"mime-type";s:10:"image/jpeg";}s:6:"medium";a:4:{s:4:"file";s:45:"25-Wlochy-Rzym-Wieczne-Miasto-pdf-300x212.jpg";s:5:"width";i:300;s:6:"height";i:212;s:9:"mime-typ
8260	_wp_attached_file	2021/01/26-Zjednoczone-Krolestwo-Tea-Time.pdf
8260	_wp_attachment_metadata	a:1:{s:5:"sizes";a:4:{s:4:"full";a:4:{s:4:"file";s:41:"26-Zjednoczone-Krolestwo-Tea-Time-pdf.jpg";s:5:"width";i:1495;s:6:"height";i:1058;s:9:"mime-type";s:10:"image/jpeg";}s:6:"medium";a:4:{s:4:"file";s:49:"26-Zjednoczone-Krolestwo-Tea-Time-pdf-300x212.jpg";s:5:"width";i:300;s:6:"height";i:212;s:9:"
8261	_wp_attached_file	2021/01/26-Zjednoczone-Krolestwo-Tea-Time.pdf
8261	_wp_attachment_metadata	a:1:{s:5:"sizes";a:4:{s:4:"full";a:4:{s:4:"file";s:41:"26-Zjednoczone-Krolestwo-Tea-Time-pdf.jpg";s:5:"width";i:1495;s:6:"height";i:1058;s:9:"mime-type";s:10:"image/jpeg";}s:6:"medium";a:4:{s:4:"file";s:49:"26-Zjednoczone-Krolestwo-Tea-Time-pdf-300x212.jpg";s:5:"width";i:300;s:6:"height";i:212;s:9:"
8262	_wp_attached_file	2021/01/27-Australia-Niezwykly-Kontynent.pdf
8262	_wp_attachment_metadata	a:1:{s:5:"sizes";a:4:{s:4:"full";a:4:{s:4:"file";s:40:"27-Australia-Niezwykly-Kontynent-pdf.jpg";s:5:"width";i:1495;s:6:"height";i:1058;s:9:"mime-type";s:10:"image/jpeg";}s:6:"medium";a:4:{s:4:"file";s:48:"27-Australia-Niezwykly-Kontynent-pdf-300x212.jpg";s:5:"width";i:300;s:6:"height";i:212;s:9:"mi
8263	_wp_attached_file	2021/01/27-Australia-Niezwykly-Kontynent.pdf
8263	_wp_attachment_metadata	a:1:{s:5:"sizes";a:4:{s:4:"full";a:4:{s:4:"file";s:40:"27-Australia-Niezwykly-Kontynent-pdf.jpg";s:5:"width";i:1495;s:6:"height";i:1058;s:9:"mime-type";s:10:"image/jpeg";}s:6:"medium";a:4:{s:4:"file";s:48:"27-Australia-Niezwykly-Kontynent-pdf-300x212.jpg";s:5:"width";i:300;s:6:"height";i:212;s:9:"mi
8264	_wp_attached_file	2021/01/28-Stany-Zjednoczone-Amerykanski-sen.pdf
8264	_wp_attachment_metadata	a:1:{s:5:"sizes";a:4:{s:4:"full";a:4:{s:4:"file";s:44:"28-Stany-Zjednoczone-Amerykanski-sen-pdf.jpg";s:5:"width";i:1495;s:6:"height";i:1058;s:9:"mime-type";s:10:"image/jpeg";}s:6:"medium";a:4:{s:4:"file";s:52:"28-Stany-Zjednoczone-Amerykanski-sen-pdf-300x212.jpg";s:5:"width";i:300;s:6:"height";i:212
8265	_wp_attached_file	2021/01/28-Stany-Zjednoczone-Amerykanski-sen.pdf
8265	_wp_attachment_metadata	a:1:{s:5:"sizes";a:4:{s:4:"full";a:4:{s:4:"file";s:44:"28-Stany-Zjednoczone-Amerykanski-sen-pdf.jpg";s:5:"width";i:1495;s:6:"height";i:1058;s:9:"mime-type";s:10:"image/jpeg";}s:6:"medium";a:4:{s:4:"file";s:52:"28-Stany-Zjednoczone-Amerykanski-sen-pdf-300x212.jpg";s:5:"width";i:300;s:6:"height";i:212
8266	_wp_attached_file	2021/01/1-Austria-Cesarski-Wieden-i-Dolina-Wachau.pdf
8266	_wp_attachment_metadata	a:1:{s:5:"sizes";a:4:{s:4:"full";a:4:{s:4:"file";s:49:"1-Austria-Cesarski-Wieden-i-Dolina-Wachau-pdf.jpg";s:5:"width";i:1495;s:6:"height";i:1058;s:9:"mime-type";s:10:"image/jpeg";}s:6:"medium";a:4:{s:4:"file";s:57:"1-Austria-Cesarski-Wieden-i-Dolina-Wachau-pdf-300x212.jpg";s:5:"width";i:300;s:6:"hei
8267	_wp_attached_file	2021/01/1-Austria-Cesarski-Wieden-i-Dolina-Wachau.pdf
8267	_wp_attachment_metadata	a:1:{s:5:"sizes";a:4:{s:4:"full";a:4:{s:4:"file";s:49:"1-Austria-Cesarski-Wieden-i-Dolina-Wachau-pdf.jpg";s:5:"width";i:1495;s:6:"height";i:1058;s:9:"mime-type";s:10:"image/jpeg";}s:6:"medium";a:4:{s:4:"file";s:57:"1-Austria-Cesarski-Wieden-i-Dolina-Wachau-pdf-300x212.jpg";s:5:"width";i:300;s:6:"hei
8268	_wp_attached_file	2021/01/2-Belgia-Holandia-i-Luksemburg-W-krainie-sera-i-wiatrakow.pdf
8268	_wp_attachment_metadata	a:1:{s:5:"sizes";a:4:{s:4:"full";a:4:{s:4:"file";s:65:"2-Belgia-Holandia-i-Luksemburg-W-krainie-sera-i-wiatrakow-pdf.jpg";s:5:"width";i:1495;s:6:"height";i:1058;s:9:"mime-type";s:10:"image/jpeg";}s:6:"medium";a:4:{s:4:"file";s:73:"2-Belgia-Holandia-i-Luksemburg-W-krainie-sera-i-wiatrakow-pdf-300x212
8269	_wp_attached_file	2021/01/2-Belgia-Holandia-i-Luksemburg-W-krainie-sera-i-wiatrakow.pdf
8269	_wp_attachment_metadata	a:1:{s:5:"sizes";a:4:{s:4:"full";a:4:{s:4:"file";s:65:"2-Belgia-Holandia-i-Luksemburg-W-krainie-sera-i-wiatrakow-pdf.jpg";s:5:"width";i:1495;s:6:"height";i:1058;s:9:"mime-type";s:10:"image/jpeg";}s:6:"medium";a:4:{s:4:"file";s:73:"2-Belgia-Holandia-i-Luksemburg-W-krainie-sera-i-wiatrakow-pdf-300x212
8270	_wp_attached_file	2021/01/3-Chorwacja-Perly-Adriatyku.pdf
8270	_wp_attachment_metadata	a:1:{s:5:"sizes";a:4:{s:4:"full";a:4:{s:4:"file";s:35:"3-Chorwacja-Perly-Adriatyku-pdf.jpg";s:5:"width";i:1495;s:6:"height";i:1058;s:9:"mime-type";s:10:"image/jpeg";}s:6:"medium";a:4:{s:4:"file";s:43:"3-Chorwacja-Perly-Adriatyku-pdf-300x212.jpg";s:5:"width";i:300;s:6:"height";i:212;s:9:"mime-type";s
8271	_wp_attached_file	2021/01/3-Chorwacja-Perly-Adriatyku.pdf
8271	_wp_attachment_metadata	a:1:{s:5:"sizes";a:4:{s:4:"full";a:4:{s:4:"file";s:35:"3-Chorwacja-Perly-Adriatyku-pdf.jpg";s:5:"width";i:1495;s:6:"height";i:1058;s:9:"mime-type";s:10:"image/jpeg";}s:6:"medium";a:4:{s:4:"file";s:43:"3-Chorwacja-Perly-Adriatyku-pdf-300x212.jpg";s:5:"width";i:300;s:6:"height";i:212;s:9:"mime-type";s
8272	_wp_attached_file	2021/01/4-Czechy-Zlota-Praga-i-skarby-Czech.pdf
8272	_wp_attachment_metadata	a:1:{s:5:"sizes";a:4:{s:4:"full";a:4:{s:4:"file";s:43:"4-Czechy-Zlota-Praga-i-skarby-Czech-pdf.jpg";s:5:"width";i:1495;s:6:"height";i:1058;s:9:"mime-type";s:10:"image/jpeg";}s:6:"medium";a:4:{s:4:"file";s:51:"4-Czechy-Zlota-Praga-i-skarby-Czech-pdf-300x212.jpg";s:5:"width";i:300;s:6:"height";i:212;s
8273	_wp_attached_file	2021/01/4-Czechy-Zlota-Praga-i-skarby-Czech.pdf
8273	_wp_attachment_metadata	a:1:{s:5:"sizes";a:4:{s:4:"full";a:4:{s:4:"file";s:43:"4-Czechy-Zlota-Praga-i-skarby-Czech-pdf.jpg";s:5:"width";i:1495;s:6:"height";i:1058;s:9:"mime-type";s:10:"image/jpeg";}s:6:"medium";a:4:{s:4:"file";s:51:"4-Czechy-Zlota-Praga-i-skarby-Czech-pdf-300x212.jpg";s:5:"width";i:300;s:6:"height";i:212;s
8274	_wp_attached_file	2021/01/5-Francja-Kraj-najlepszych-win-i-szampana.pdf
8274	_wp_attachment_metadata	a:1:{s:5:"sizes";a:4:{s:4:"full";a:4:{s:4:"file";s:49:"5-Francja-Kraj-najlepszych-win-i-szampana-pdf.jpg";s:5:"width";s:4:"1495";s:6:"height";s:4:"1058";s:9:"mime-type";s:10:"image/jpeg";}s:6:"medium";a:4:{s:4:"file";s:57:"5-Francja-Kraj-najlepszych-win-i-szampana-pdf-300x212.jpg";s:5:"width";s:3:"3
8275	_wp_attached_file	2021/01/5-Francja-Kraj-najlepszych-win-i-szampana.pdf
8275	_wp_attachment_metadata	a:1:{s:5:"sizes";a:4:{s:4:"full";a:4:{s:4:"file";s:49:"5-Francja-Kraj-najlepszych-win-i-szampana-pdf.jpg";s:5:"width";i:1495;s:6:"height";i:1058;s:9:"mime-type";s:10:"image/jpeg";}s:6:"medium";a:4:{s:4:"file";s:57:"5-Francja-Kraj-najlepszych-win-i-szampana-pdf-300x212.jpg";s:5:"width";i:300;s:6:"hei
8276	_wp_attached_file	2021/01/6-Francja-Paryz-Stolica-Swiata.pdf
8276	_wp_attachment_metadata	a:1:{s:5:"sizes";a:4:{s:4:"full";a:4:{s:4:"file";s:38:"6-Francja-Paryz-Stolica-Swiata-pdf.jpg";s:5:"width";i:1495;s:6:"height";i:1058;s:9:"mime-type";s:10:"image/jpeg";}s:6:"medium";a:4:{s:4:"file";s:46:"6-Francja-Paryz-Stolica-Swiata-pdf-300x212.jpg";s:5:"width";i:300;s:6:"height";i:212;s:9:"mime-t
8277	_wp_attached_file	2021/01/6-Francja-Paryz-Stolica-Swiata.pdf
8277	_wp_attachment_metadata	a:1:{s:5:"sizes";a:4:{s:4:"full";a:4:{s:4:"file";s:38:"6-Francja-Paryz-Stolica-Swiata-pdf.jpg";s:5:"width";i:1495;s:6:"height";i:1058;s:9:"mime-type";s:10:"image/jpeg";}s:6:"medium";a:4:{s:4:"file";s:46:"6-Francja-Paryz-Stolica-Swiata-pdf-300x212.jpg";s:5:"width";i:300;s:6:"height";i:212;s:9:"mime-t
8278	_wp_attached_file	2021/01/7-Grecja-Podroz-przez-historie.pdf
8278	_wp_attachment_metadata	a:1:{s:5:"sizes";a:4:{s:4:"full";a:4:{s:4:"file";s:38:"7-Grecja-Podroz-przez-historie-pdf.jpg";s:5:"width";i:1495;s:6:"height";i:1058;s:9:"mime-type";s:10:"image/jpeg";}s:6:"medium";a:4:{s:4:"file";s:46:"7-Grecja-Podroz-przez-historie-pdf-300x212.jpg";s:5:"width";i:300;s:6:"height";i:212;s:9:"mime-t
8279	_wp_attached_file	2021/01/7-Grecja-Podroz-przez-historie.pdf
8279	_wp_attachment_metadata	a:1:{s:5:"sizes";a:4:{s:4:"full";a:4:{s:4:"file";s:38:"7-Grecja-Podroz-przez-historie-pdf.jpg";s:5:"width";i:1495;s:6:"height";i:1058;s:9:"mime-type";s:10:"image/jpeg";}s:6:"medium";a:4:{s:4:"file";s:46:"7-Grecja-Podroz-przez-historie-pdf-300x212.jpg";s:5:"width";i:300;s:6:"height";i:212;s:9:"mime-t
8280	_wp_attached_file	2021/01/8-Gruzja-i-Armenia-Nieznany-Swiat.pdf
8280	_wp_attachment_metadata	a:1:{s:5:"sizes";a:4:{s:4:"full";a:4:{s:4:"file";s:41:"8-Gruzja-i-Armenia-Nieznany-Swiat-pdf.jpg";s:5:"width";i:1495;s:6:"height";i:1058;s:9:"mime-type";s:10:"image/jpeg";}s:6:"medium";a:4:{s:4:"file";s:49:"8-Gruzja-i-Armenia-Nieznany-Swiat-pdf-300x212.jpg";s:5:"width";i:300;s:6:"height";i:212;s:9:"
8281	_wp_attached_file	2021/01/8-Gruzja-i-Armenia-Nieznany-Swiat.pdf
8281	_wp_attachment_metadata	a:1:{s:5:"sizes";a:4:{s:4:"full";a:4:{s:4:"file";s:41:"8-Gruzja-i-Armenia-Nieznany-Swiat-pdf.jpg";s:5:"width";i:1495;s:6:"height";i:1058;s:9:"mime-type";s:10:"image/jpeg";}s:6:"medium";a:4:{s:4:"file";s:49:"8-Gruzja-i-Armenia-Nieznany-Swiat-pdf-300x212.jpg";s:5:"width";i:300;s:6:"height";i:212;s:9:"
8282	_wp_attached_file	2021/01/9-Hiszpania-Wspaniala-Iberia.pdf
8282	_wp_attachment_metadata	a:1:{s:5:"sizes";a:4:{s:4:"full";a:4:{s:4:"file";s:36:"9-Hiszpania-Wspaniala-Iberia-pdf.jpg";s:5:"width";i:1495;s:6:"height";i:1058;s:9:"mime-type";s:10:"image/jpeg";}s:6:"medium";a:4:{s:4:"file";s:44:"9-Hiszpania-Wspaniala-Iberia-pdf-300x212.jpg";s:5:"width";i:300;s:6:"height";i:212;s:9:"mime-type"
8283	_wp_attached_file	2021/01/9-Hiszpania-Wspaniala-Iberia.pdf
8283	_wp_attachment_metadata	a:1:{s:5:"sizes";a:4:{s:4:"full";a:4:{s:4:"file";s:36:"9-Hiszpania-Wspaniala-Iberia-pdf.jpg";s:5:"width";i:1495;s:6:"height";i:1058;s:9:"mime-type";s:10:"image/jpeg";}s:6:"medium";a:4:{s:4:"file";s:44:"9-Hiszpania-Wspaniala-Iberia-pdf-300x212.jpg";s:5:"width";i:300;s:6:"height";i:212;s:9:"mime-type"
8284	_wp_attached_file	2021/01/10-Hiszpania-Barcelona-W-sercu-Katalonii.pdf
8284	_wp_attachment_metadata	a:1:{s:5:"sizes";a:4:{s:4:"full";a:4:{s:4:"file";s:48:"10-Hiszpania-Barcelona-W-sercu-Katalonii-pdf.jpg";s:5:"width";i:1495;s:6:"height";i:1058;s:9:"mime-type";s:10:"image/jpeg";}s:6:"medium";a:4:{s:4:"file";s:56:"10-Hiszpania-Barcelona-W-sercu-Katalonii-pdf-300x212.jpg";s:5:"width";i:300;s:6:"heigh
8285	_wp_attached_file	2021/01/10-Hiszpania-Barcelona-W-sercu-Katalonii.pdf
8285	_wp_attachment_metadata	a:1:{s:5:"sizes";a:4:{s:4:"full";a:4:{s:4:"file";s:48:"10-Hiszpania-Barcelona-W-sercu-Katalonii-pdf.jpg";s:5:"width";i:1495;s:6:"height";i:1058;s:9:"mime-type";s:10:"image/jpeg";}s:6:"medium";a:4:{s:4:"file";s:56:"10-Hiszpania-Barcelona-W-sercu-Katalonii-pdf-300x212.jpg";s:5:"width";i:300;s:6:"heigh
8286	_wp_attached_file	2021/01/11-Hiszpania-Krolewski-Madryt.pdf
8286	_wp_attachment_metadata	a:1:{s:5:"sizes";a:4:{s:4:"full";a:4:{s:4:"file";s:37:"11-Hiszpania-Krolewski-Madryt-pdf.jpg";s:5:"width";i:1495;s:6:"height";i:1058;s:9:"mime-type";s:10:"image/jpeg";}s:6:"medium";a:4:{s:4:"file";s:45:"11-Hiszpania-Krolewski-Madryt-pdf-300x212.jpg";s:5:"width";i:300;s:6:"height";i:212;s:9:"mime-typ
8287	_wp_attached_file	2021/01/11-Hiszpania-Krolewski-Madryt.pdf
8287	_wp_attachment_metadata	a:1:{s:5:"sizes";a:4:{s:4:"full";a:4:{s:4:"file";s:37:"11-Hiszpania-Krolewski-Madryt-pdf.jpg";s:5:"width";i:1495;s:6:"height";i:1058;s:9:"mime-type";s:10:"image/jpeg";}s:6:"medium";a:4:{s:4:"file";s:45:"11-Hiszpania-Krolewski-Madryt-pdf-300x212.jpg";s:5:"width";i:300;s:6:"height";i:212;s:9:"mime-typ
8288	_wp_attached_file	2021/01/12-Malta-i-Sycylia-W-sloncu-poludnia.pdf
8288	_wp_attachment_metadata	a:1:{s:5:"sizes";a:4:{s:4:"full";a:4:{s:4:"file";s:44:"12-Malta-i-Sycylia-W-sloncu-poludnia-pdf.jpg";s:5:"width";i:1495;s:6:"height";i:1058;s:9:"mime-type";s:10:"image/jpeg";}s:6:"medium";a:4:{s:4:"file";s:52:"12-Malta-i-Sycylia-W-sloncu-poludnia-pdf-300x212.jpg";s:5:"width";i:300;s:6:"height";i:212
8289	_wp_attached_file	2021/01/12-Malta-i-Sycylia-W-sloncu-poludnia.pdf
8289	_wp_attachment_metadata	a:1:{s:5:"sizes";a:4:{s:4:"full";a:4:{s:4:"file";s:44:"12-Malta-i-Sycylia-W-sloncu-poludnia-pdf.jpg";s:5:"width";i:1495;s:6:"height";i:1058;s:9:"mime-type";s:10:"image/jpeg";}s:6:"medium";a:4:{s:4:"file";s:52:"12-Malta-i-Sycylia-W-sloncu-poludnia-pdf-300x212.jpg";s:5:"width";i:300;s:6:"height";i:212
8290	_wp_attached_file	2021/01/13-Norwegia-Kraina-Fiordow.pdf
8290	_wp_attachment_metadata	a:1:{s:5:"sizes";a:4:{s:4:"full";a:4:{s:4:"file";s:34:"13-Norwegia-Kraina-Fiordow-pdf.jpg";s:5:"width";i:1495;s:6:"height";i:1058;s:9:"mime-type";s:10:"image/jpeg";}s:6:"medium";a:4:{s:4:"file";s:42:"13-Norwegia-Kraina-Fiordow-pdf-300x212.jpg";s:5:"width";i:300;s:6:"height";i:212;s:9:"mime-type";s:1
8291	_wp_attached_file	2021/01/13-Norwegia-Kraina-Fiordow.pdf
8291	_wp_attachment_metadata	a:1:{s:5:"sizes";a:4:{s:4:"full";a:4:{s:4:"file";s:34:"13-Norwegia-Kraina-Fiordow-pdf.jpg";s:5:"width";i:1495;s:6:"height";i:1058;s:9:"mime-type";s:10:"image/jpeg";}s:6:"medium";a:4:{s:4:"file";s:42:"13-Norwegia-Kraina-Fiordow-pdf-300x212.jpg";s:5:"width";i:300;s:6:"height";i:212;s:9:"mime-type";s:1
8292	_wp_attached_file	2021/01/14-Portugalia-Perelki-Portugalii.pdf
8292	_wp_attachment_metadata	a:1:{s:5:"sizes";a:4:{s:4:"full";a:4:{s:4:"file";s:40:"14-Portugalia-Perelki-Portugalii-pdf.jpg";s:5:"width";i:1495;s:6:"height";i:1058;s:9:"mime-type";s:10:"image/jpeg";}s:6:"medium";a:4:{s:4:"file";s:48:"14-Portugalia-Perelki-Portugalii-pdf-300x212.jpg";s:5:"width";i:300;s:6:"height";i:212;s:9:"mi
8293	_wp_attached_file	2021/01/14-Portugalia-Perelki-Portugalii.pdf
8293	_wp_attachment_metadata	a:1:{s:5:"sizes";a:4:{s:4:"full";a:4:{s:4:"file";s:40:"14-Portugalia-Perelki-Portugalii-pdf.jpg";s:5:"width";i:1495;s:6:"height";i:1058;s:9:"mime-type";s:10:"image/jpeg";}s:6:"medium";a:4:{s:4:"file";s:48:"14-Portugalia-Perelki-Portugalii-pdf-300x212.jpg";s:5:"width";i:300;s:6:"height";i:212;s:9:"mi
8294	_wp_attached_file	2021/01/15-Portugalia-Lizbona-Sloneczna-stolica.pdf
8294	_wp_attachment_metadata	a:1:{s:5:"sizes";a:4:{s:4:"full";a:4:{s:4:"file";s:47:"15-Portugalia-Lizbona-Sloneczna-stolica-pdf.jpg";s:5:"width";i:1495;s:6:"height";i:1058;s:9:"mime-type";s:10:"image/jpeg";}s:6:"medium";a:4:{s:4:"file";s:55:"15-Portugalia-Lizbona-Sloneczna-stolica-pdf-300x212.jpg";s:5:"width";i:300;s:6:"height"
8295	_wp_attached_file	2021/01/15-Portugalia-Lizbona-Sloneczna-stolica.pdf
8295	_wp_attachment_metadata	a:1:{s:5:"sizes";a:4:{s:4:"full";a:4:{s:4:"file";s:47:"15-Portugalia-Lizbona-Sloneczna-stolica-pdf.jpg";s:5:"width";i:1495;s:6:"height";i:1058;s:9:"mime-type";s:10:"image/jpeg";}s:6:"medium";a:4:{s:4:"file";s:55:"15-Portugalia-Lizbona-Sloneczna-stolica-pdf-300x212.jpg";s:5:"width";i:300;s:6:"height"
8296	_wp_attached_file	2021/01/16-Litwa-Lotwa-i-Estonia-Baltic-Tour.pdf
8296	_wp_attachment_metadata	a:1:{s:5:"sizes";a:4:{s:4:"full";a:4:{s:4:"file";s:44:"16-Litwa-Lotwa-i-Estonia-Baltic-Tour-pdf.jpg";s:5:"width";i:1495;s:6:"height";i:1058;s:9:"mime-type";s:10:"image/jpeg";}s:6:"medium";a:4:{s:4:"file";s:52:"16-Litwa-Lotwa-i-Estonia-Baltic-Tour-pdf-300x212.jpg";s:5:"width";i:300;s:6:"height";i:212
8297	_wp_attached_file	2021/01/16-Litwa-Lotwa-i-Estonia-Baltic-Tour.pdf
8297	_wp_attachment_metadata	a:1:{s:5:"sizes";a:4:{s:4:"full";a:4:{s:4:"file";s:44:"16-Litwa-Lotwa-i-Estonia-Baltic-Tour-pdf.jpg";s:5:"width";i:1495;s:6:"height";i:1058;s:9:"mime-type";s:10:"image/jpeg";}s:6:"medium";a:4:{s:4:"file";s:52:"16-Litwa-Lotwa-i-Estonia-Baltic-Tour-pdf-300x212.jpg";s:5:"width";i:300;s:6:"height";i:212
8380	_wp_attached_file	2021/01/Danzica-zalacznik.pdf
8380	_wp_attachment_metadata	a:1:{s:5:"sizes";a:4:{s:4:"full";a:4:{s:4:"file";s:25:"Danzica-zalacznik-pdf.jpg";s:5:"width";i:2066;s:6:"height";i:1436;s:9:"mime-type";s:10:"image/jpeg";}s:6:"medium";a:4:{s:4:"file";s:33:"Danzica-zalacznik-pdf-300x209.jpg";s:5:"width";i:300;s:6:"height";i:209;s:9:"mime-type";s:10:"image/jpeg";}s:
8381	_wp_attached_file	2021/01/Danzica-zalacznik.pdf
8381	_wp_attachment_metadata	a:1:{s:5:"sizes";a:4:{s:4:"full";a:4:{s:4:"file";s:25:"Danzica-zalacznik-pdf.jpg";s:5:"width";i:2066;s:6:"height";i:1436;s:9:"mime-type";s:10:"image/jpeg";}s:6:"medium";a:4:{s:4:"file";s:33:"Danzica-zalacznik-pdf-300x209.jpg";s:5:"width";i:300;s:6:"height";i:209;s:9:"mime-type";s:10:"image/jpeg";}s:
8382	_wp_attached_file	2021/01/I-Laghi-Masuria-zalacznik.pdf
8382	_wp_attachment_metadata	a:1:{s:5:"sizes";a:4:{s:4:"full";a:4:{s:4:"file";s:33:"I-Laghi-Masuria-zalacznik-pdf.jpg";s:5:"width";i:2066;s:6:"height";i:1436;s:9:"mime-type";s:10:"image/jpeg";}s:6:"medium";a:4:{s:4:"file";s:41:"I-Laghi-Masuria-zalacznik-pdf-300x209.jpg";s:5:"width";i:300;s:6:"height";i:209;s:9:"mime-type";s:10:
8383	_wp_attached_file	2021/01/I-Laghi-Masuria-zalacznik.pdf
8383	_wp_attachment_metadata	a:1:{s:5:"sizes";a:4:{s:4:"full";a:4:{s:4:"file";s:33:"I-Laghi-Masuria-zalacznik-pdf.jpg";s:5:"width";i:2066;s:6:"height";i:1436;s:9:"mime-type";s:10:"image/jpeg";}s:6:"medium";a:4:{s:4:"file";s:41:"I-Laghi-Masuria-zalacznik-pdf-300x209.jpg";s:5:"width";i:300;s:6:"height";i:209;s:9:"mime-type";s:10:
8384	_wp_attached_file	2021/01/Lublino-zalacznik.pdf
8384	_wp_attachment_metadata	a:1:{s:5:"sizes";a:4:{s:4:"full";a:4:{s:4:"file";s:25:"Lublino-zalacznik-pdf.jpg";s:5:"width";i:2066;s:6:"height";i:1436;s:9:"mime-type";s:10:"image/jpeg";}s:6:"medium";a:4:{s:4:"file";s:33:"Lublino-zalacznik-pdf-300x209.jpg";s:5:"width";i:300;s:6:"height";i:209;s:9:"mime-type";s:10:"image/jpeg";}s:
8385	_wp_attached_file	2021/01/Lublino-zalacznik.pdf
8385	_wp_attachment_metadata	a:1:{s:5:"sizes";a:4:{s:4:"full";a:4:{s:4:"file";s:25:"Lublino-zalacznik-pdf.jpg";s:5:"width";i:2066;s:6:"height";i:1436;s:9:"mime-type";s:10:"image/jpeg";}s:6:"medium";a:4:{s:4:"file";s:33:"Lublino-zalacznik-pdf-300x209.jpg";s:5:"width";i:300;s:6:"height";i:209;s:9:"mime-type";s:10:"image/jpeg";}s:
8386	_wp_attached_file	2021/01/Malbork-zalacznik.pdf
8386	_wp_attachment_metadata	a:1:{s:5:"sizes";a:4:{s:4:"full";a:4:{s:4:"file";s:25:"Malbork-zalacznik-pdf.jpg";s:5:"width";s:4:"2066";s:6:"height";s:4:"1436";s:9:"mime-type";s:10:"image/jpeg";}s:6:"medium";a:4:{s:4:"file";s:33:"Malbork-zalacznik-pdf-300x209.jpg";s:5:"width";s:3:"300";s:6:"height";s:3:"209";s:9:"mime-type";s:10:
8387	_wp_attached_file	2021/01/Malbork-zalacznik.pdf
8387	_wp_attachment_metadata	a:1:{s:5:"sizes";a:4:{s:4:"full";a:4:{s:4:"file";s:25:"Malbork-zalacznik-pdf.jpg";s:5:"width";i:2066;s:6:"height";i:1436;s:9:"mime-type";s:10:"image/jpeg";}s:6:"medium";a:4:{s:4:"file";s:33:"Malbork-zalacznik-pdf-300x209.jpg";s:5:"width";i:300;s:6:"height";i:209;s:9:"mime-type";s:10:"image/jpeg";}s:
8388	_wp_attached_file	2021/01/Poznan-zalacznik.pdf
8388	_wp_attachment_metadata	a:1:{s:5:"sizes";a:4:{s:4:"full";a:4:{s:4:"file";s:24:"Poznan-zalacznik-pdf.jpg";s:5:"width";i:2066;s:6:"height";i:1436;s:9:"mime-type";s:10:"image/jpeg";}s:6:"medium";a:4:{s:4:"file";s:32:"Poznan-zalacznik-pdf-300x209.jpg";s:5:"width";i:300;s:6:"height";i:209;s:9:"mime-type";s:10:"image/jpeg";}s:5:
8389	_wp_attached_file	2021/01/Poznan-zalacznik.pdf
8389	_wp_attachment_metadata	a:1:{s:5:"sizes";a:4:{s:4:"full";a:4:{s:4:"file";s:24:"Poznan-zalacznik-pdf.jpg";s:5:"width";i:2066;s:6:"height";i:1436;s:9:"mime-type";s:10:"image/jpeg";}s:6:"medium";a:4:{s:4:"file";s:32:"Poznan-zalacznik-pdf-300x209.jpg";s:5:"width";i:300;s:6:"height";i:209;s:9:"mime-type";s:10:"image/jpeg";}s:5:
8390	_wp_attached_file	2021/01/Torun-zalacznik.pdf
8390	_wp_attachment_metadata	a:1:{s:5:"sizes";a:4:{s:4:"full";a:4:{s:4:"file";s:23:"Torun-zalacznik-pdf.jpg";s:5:"width";i:2066;s:6:"height";i:1436;s:9:"mime-type";s:10:"image/jpeg";}s:6:"medium";a:4:{s:4:"file";s:31:"Torun-zalacznik-pdf-300x209.jpg";s:5:"width";i:300;s:6:"height";i:209;s:9:"mime-type";s:10:"image/jpeg";}s:5:"l
8391	_wp_attached_file	2021/01/Torun-zalacznik.pdf
8391	_wp_attachment_metadata	a:1:{s:5:"sizes";a:4:{s:4:"full";a:4:{s:4:"file";s:23:"Torun-zalacznik-pdf.jpg";s:5:"width";i:2066;s:6:"height";i:1436;s:9:"mime-type";s:10:"image/jpeg";}s:6:"medium";a:4:{s:4:"file";s:31:"Torun-zalacznik-pdf-300x209.jpg";s:5:"width";i:300;s:6:"height";i:209;s:9:"mime-type";s:10:"image/jpeg";}s:5:"l
8392	_wp_attached_file	2021/01/Varsavia-zalacznik.pdf
8392	_wp_attachment_metadata	a:1:{s:5:"sizes";a:4:{s:4:"full";a:4:{s:4:"file";s:26:"Varsavia-zalacznik-pdf.jpg";s:5:"width";i:2066;s:6:"height";i:1436;s:9:"mime-type";s:10:"image/jpeg";}s:6:"medium";a:4:{s:4:"file";s:34:"Varsavia-zalacznik-pdf-300x209.jpg";s:5:"width";i:300;s:6:"height";i:209;s:9:"mime-type";s:10:"image/jpeg";}
8393	_wp_attached_file	2021/01/Varsavia-zalacznik.pdf
8393	_wp_attachment_metadata	a:1:{s:5:"sizes";a:4:{s:4:"full";a:4:{s:4:"file";s:26:"Varsavia-zalacznik-pdf.jpg";s:5:"width";i:2066;s:6:"height";i:1436;s:9:"mime-type";s:10:"image/jpeg";}s:6:"medium";a:4:{s:4:"file";s:34:"Varsavia-zalacznik-pdf-300x209.jpg";s:5:"width";i:300;s:6:"height";i:209;s:9:"mime-type";s:10:"image/jpeg";}
8394	_wp_attached_file	2021/01/Wadowice-zalacznik.pdf
8394	_wp_attachment_metadata	a:1:{s:5:"sizes";a:4:{s:4:"full";a:4:{s:4:"file";s:26:"Wadowice-zalacznik-pdf.jpg";s:5:"width";i:2066;s:6:"height";i:1436;s:9:"mime-type";s:10:"image/jpeg";}s:6:"medium";a:4:{s:4:"file";s:34:"Wadowice-zalacznik-pdf-300x209.jpg";s:5:"width";i:300;s:6:"height";i:209;s:9:"mime-type";s:10:"image/jpeg";}
8395	_wp_attached_file	2021/01/Wadowice-zalacznik.pdf
8395	_wp_attachment_metadata	a:1:{s:5:"sizes";a:4:{s:4:"full";a:4:{s:4:"file";s:26:"Wadowice-zalacznik-pdf.jpg";s:5:"width";i:2066;s:6:"height";i:1436;s:9:"mime-type";s:10:"image/jpeg";}s:6:"medium";a:4:{s:4:"file";s:34:"Wadowice-zalacznik-pdf-300x209.jpg";s:5:"width";i:300;s:6:"height";i:209;s:9:"mime-type";s:10:"image/jpeg";}
8396	_wp_attached_file	2021/01/Wieliczka-zalacznik.pdf
8396	_wp_attachment_metadata	a:1:{s:5:"sizes";a:4:{s:4:"full";a:4:{s:4:"file";s:27:"Wieliczka-zalacznik-pdf.jpg";s:5:"width";i:2066;s:6:"height";i:1436;s:9:"mime-type";s:10:"image/jpeg";}s:6:"medium";a:4:{s:4:"file";s:35:"Wieliczka-zalacznik-pdf-300x209.jpg";s:5:"width";i:300;s:6:"height";i:209;s:9:"mime-type";s:10:"image/jpeg"
8397	_wp_attached_file	2021/01/Wieliczka-zalacznik.pdf
8397	_wp_attachment_metadata	a:1:{s:5:"sizes";a:4:{s:4:"full";a:4:{s:4:"file";s:27:"Wieliczka-zalacznik-pdf.jpg";s:5:"width";i:2066;s:6:"height";i:1436;s:9:"mime-type";s:10:"image/jpeg";}s:6:"medium";a:4:{s:4:"file";s:35:"Wieliczka-zalacznik-pdf-300x209.jpg";s:5:"width";i:300;s:6:"height";i:209;s:9:"mime-type";s:10:"image/jpeg"
8398	_wp_attached_file	2021/01/Zakopane-zalacznik.pdf
8398	_wp_attachment_metadata	a:1:{s:5:"sizes";a:4:{s:4:"full";a:4:{s:4:"file";s:26:"Zakopane-zalacznik-pdf.jpg";s:5:"width";i:2066;s:6:"height";i:1436;s:9:"mime-type";s:10:"image/jpeg";}s:6:"medium";a:4:{s:4:"file";s:34:"Zakopane-zalacznik-pdf-300x209.jpg";s:5:"width";i:300;s:6:"height";i:209;s:9:"mime-type";s:10:"image/jpeg";}
8399	_wp_attached_file	2021/01/Zakopane-zalacznik.pdf
8399	_wp_attachment_metadata	a:1:{s:5:"sizes";a:4:{s:4:"full";a:4:{s:4:"file";s:26:"Zakopane-zalacznik-pdf.jpg";s:5:"width";i:2066;s:6:"height";i:1436;s:9:"mime-type";s:10:"image/jpeg";}s:6:"medium";a:4:{s:4:"file";s:34:"Zakopane-zalacznik-pdf-300x209.jpg";s:5:"width";i:300;s:6:"height";i:209;s:9:"mime-type";s:10:"image/jpeg";}
8400	_wp_attached_file	2021/01/Breslavia-zalacznik.pdf
8400	_wp_attachment_metadata	a:1:{s:5:"sizes";a:4:{s:4:"full";a:4:{s:4:"file";s:27:"Breslavia-zalacznik-pdf.jpg";s:5:"width";s:4:"2066";s:6:"height";s:4:"1436";s:9:"mime-type";s:10:"image/jpeg";}s:6:"medium";a:4:{s:4:"file";s:35:"Breslavia-zalacznik-pdf-300x209.jpg";s:5:"width";s:3:"300";s:6:"height";s:3:"209";s:9:"mime-type";s
8401	_wp_attached_file	2021/01/Breslavia-zalacznik.pdf
8401	_wp_attachment_metadata	a:1:{s:5:"sizes";a:4:{s:4:"full";a:4:{s:4:"file";s:27:"Breslavia-zalacznik-pdf.jpg";s:5:"width";i:2066;s:6:"height";i:1436;s:9:"mime-type";s:10:"image/jpeg";}s:6:"medium";a:4:{s:4:"file";s:35:"Breslavia-zalacznik-pdf-300x209.jpg";s:5:"width";i:300;s:6:"height";i:209;s:9:"mime-type";s:10:"image/jpeg"
8402	_wp_attached_file	2021/01/Cracovia-zalacznik.pdf
8402	_wp_attachment_metadata	a:1:{s:5:"sizes";a:4:{s:4:"full";a:4:{s:4:"file";s:26:"Cracovia-zalacznik-pdf.jpg";s:5:"width";i:2066;s:6:"height";i:1436;s:9:"mime-type";s:10:"image/jpeg";}s:6:"medium";a:4:{s:4:"file";s:34:"Cracovia-zalacznik-pdf-300x209.jpg";s:5:"width";i:300;s:6:"height";i:209;s:9:"mime-type";s:10:"image/jpeg";}
8403	_wp_attached_file	2021/01/Cracovia-zalacznik.pdf
8403	_wp_attachment_metadata	a:1:{s:5:"sizes";a:4:{s:4:"full";a:4:{s:4:"file";s:26:"Cracovia-zalacznik-pdf.jpg";s:5:"width";i:2066;s:6:"height";i:1436;s:9:"mime-type";s:10:"image/jpeg";}s:6:"medium";a:4:{s:4:"file";s:34:"Cracovia-zalacznik-pdf-300x209.jpg";s:5:"width";i:300;s:6:"height";i:209;s:9:"mime-type";s:10:"image/jpeg";}
8404	_wp_attached_file	2021/01/Czestochowa-zalacznik.pdf
8404	_wp_attachment_metadata	a:1:{s:5:"sizes";a:4:{s:4:"full";a:4:{s:4:"file";s:29:"Czestochowa-zalacznik-pdf.jpg";s:5:"width";i:2066;s:6:"height";i:1436;s:9:"mime-type";s:10:"image/jpeg";}s:6:"medium";a:4:{s:4:"file";s:37:"Czestochowa-zalacznik-pdf-300x209.jpg";s:5:"width";i:300;s:6:"height";i:209;s:9:"mime-type";s:10:"image/j
8405	_wp_attached_file	2021/01/Czestochowa-zalacznik.pdf
8405	_wp_attachment_metadata	a:1:{s:5:"sizes";a:4:{s:4:"full";a:4:{s:4:"file";s:29:"Czestochowa-zalacznik-pdf.jpg";s:5:"width";i:2066;s:6:"height";i:1436;s:9:"mime-type";s:10:"image/jpeg";}s:6:"medium";a:4:{s:4:"file";s:37:"Czestochowa-zalacznik-pdf-300x209.jpg";s:5:"width";i:300;s:6:"height";i:209;s:9:"mime-type";s:10:"image/j
8456	_wp_attached_file	2021/01/7-Polonia-Religiosa-Sulle-orme-dei-Santi-e-Beati-Polacchi.pdf
8456	_wp_attachment_metadata	a:1:{s:5:"sizes";a:4:{s:4:"full";a:4:{s:4:"file";s:65:"7-Polonia-Religiosa-Sulle-orme-dei-Santi-e-Beati-Polacchi-pdf.jpg";s:5:"width";i:2066;s:6:"height";i:1436;s:9:"mime-type";s:10:"image/jpeg";}s:6:"medium";a:4:{s:4:"file";s:73:"7-Polonia-Religiosa-Sulle-orme-dei-Santi-e-Beati-Polacchi-pdf-300x209
8457	_wp_attached_file	2021/01/7-Polonia-Religiosa-Sulle-orme-dei-Santi-e-Beati-Polacchi.pdf
8457	_wp_attachment_metadata	a:1:{s:5:"sizes";a:4:{s:4:"full";a:4:{s:4:"file";s:65:"7-Polonia-Religiosa-Sulle-orme-dei-Santi-e-Beati-Polacchi-pdf.jpg";s:5:"width";i:2066;s:6:"height";i:1436;s:9:"mime-type";s:10:"image/jpeg";}s:6:"medium";a:4:{s:4:"file";s:73:"7-Polonia-Religiosa-Sulle-orme-dei-Santi-e-Beati-Polacchi-pdf-300x209
8458	_wp_attached_file	2021/01/8-Pasqua-in-Polonia-Mistero-della-Fede.pdf
8458	_wp_attachment_metadata	a:1:{s:5:"sizes";a:4:{s:4:"full";a:4:{s:4:"file";s:46:"8-Pasqua-in-Polonia-Mistero-della-Fede-pdf.jpg";s:5:"width";i:2066;s:6:"height";i:1436;s:9:"mime-type";s:10:"image/jpeg";}s:6:"medium";a:4:{s:4:"file";s:54:"8-Pasqua-in-Polonia-Mistero-della-Fede-pdf-300x209.jpg";s:5:"width";i:300;s:6:"height";i
8459	_wp_attached_file	2021/01/8-Pasqua-in-Polonia-Mistero-della-Fede.pdf
8459	_wp_attachment_metadata	a:1:{s:5:"sizes";a:4:{s:4:"full";a:4:{s:4:"file";s:46:"8-Pasqua-in-Polonia-Mistero-della-Fede-pdf.jpg";s:5:"width";i:2066;s:6:"height";i:1436;s:9:"mime-type";s:10:"image/jpeg";}s:6:"medium";a:4:{s:4:"file";s:54:"8-Pasqua-in-Polonia-Mistero-della-Fede-pdf-300x209.jpg";s:5:"width";i:300;s:6:"height";i
8460	_wp_attached_file	2021/01/9-Le-perle-del-rinascimento-e-non-solo-....pdf
8460	_wp_attachment_metadata	a:1:{s:5:"sizes";a:4:{s:4:"full";a:4:{s:4:"file";s:50:"9-Le-perle-del-rinascimento-e-non-solo-...-pdf.jpg";s:5:"width";i:2066;s:6:"height";i:1436;s:9:"mime-type";s:10:"image/jpeg";}s:6:"medium";a:4:{s:4:"file";s:58:"9-Le-perle-del-rinascimento-e-non-solo-...-pdf-300x209.jpg";s:5:"width";i:300;s:6:"h
8461	_wp_attached_file	2021/01/9-Le-perle-del-rinascimento-e-non-solo-....pdf
8461	_wp_attachment_metadata	a:1:{s:5:"sizes";a:4:{s:4:"full";a:4:{s:4:"file";s:50:"9-Le-perle-del-rinascimento-e-non-solo-...-pdf.jpg";s:5:"width";i:2066;s:6:"height";i:1436;s:9:"mime-type";s:10:"image/jpeg";}s:6:"medium";a:4:{s:4:"file";s:58:"9-Le-perle-del-rinascimento-e-non-solo-...-pdf-300x209.jpg";s:5:"width";i:300;s:6:"h
8462	_wp_attached_file	2021/01/10-Masuria-e-Podlachia-Dal-Paese-dei-Mille-Laghi-alla-terra-degli-ultimi-bisonti-europei.pdf
8462	_wp_attachment_metadata	a:1:{s:5:"sizes";a:4:{s:4:"full";a:4:{s:4:"file";s:96:"10-Masuria-e-Podlachia-Dal-Paese-dei-Mille-Laghi-alla-terra-degli-ultimi-bisonti-europei-pdf.jpg";s:5:"width";i:2066;s:6:"height";i:1436;s:9:"mime-type";s:10:"image/jpeg";}s:6:"medium";a:4:{s:4:"file";s:104:"10-Masuria-e-Podlachia-Dal-Paese-dei-
8463	_wp_attached_file	2021/01/10-Masuria-e-Podlachia-Dal-Paese-dei-Mille-Laghi-alla-terra-degli-ultimi-bisonti-europei.pdf
8463	_wp_attachment_metadata	a:1:{s:5:"sizes";a:4:{s:4:"full";a:4:{s:4:"file";s:96:"10-Masuria-e-Podlachia-Dal-Paese-dei-Mille-Laghi-alla-terra-degli-ultimi-bisonti-europei-pdf.jpg";s:5:"width";i:2066;s:6:"height";i:1436;s:9:"mime-type";s:10:"image/jpeg";}s:6:"medium";a:4:{s:4:"file";s:104:"10-Masuria-e-Podlachia-Dal-Paese-dei-
8464	_wp_attached_file	2021/01/11-Mercatini-di-Natale-a-Cracovia-insaporiti-dalla-gioia-e-dal-vin-brule-aromatizzato-ai-chiodi-di-garofano.pdf
8464	_wp_attachment_metadata	a:1:{s:5:"sizes";a:4:{s:4:"full";a:4:{s:4:"file";s:115:"11-Mercatini-di-Natale-a-Cracovia-insaporiti-dalla-gioia-e-dal-vin-brule-aromatizzato-ai-chiodi-di-garofano-pdf.jpg";s:5:"width";i:2066;s:6:"height";i:1436;s:9:"mime-type";s:10:"image/jpeg";}s:6:"medium";a:4:{s:4:"file";s:123:"11-Mercatini-di-N
8465	_wp_attached_file	2021/01/11-Mercatini-di-Natale-a-Cracovia-insaporiti-dalla-gioia-e-dal-vin-brule-aromatizzato-ai-chiodi-di-garofano.pdf
8465	_wp_attachment_metadata	a:1:{s:5:"sizes";a:4:{s:4:"full";a:4:{s:4:"file";s:115:"11-Mercatini-di-Natale-a-Cracovia-insaporiti-dalla-gioia-e-dal-vin-brule-aromatizzato-ai-chiodi-di-garofano-pdf.jpg";s:5:"width";i:2066;s:6:"height";i:1436;s:9:"mime-type";s:10:"image/jpeg";}s:6:"medium";a:4:{s:4:"file";s:123:"11-Mercatini-di-N
8466	_wp_attached_file	2021/01/12-Polin-La-Polonia-Ebraica.pdf
8466	_wp_attachment_metadata	a:1:{s:5:"sizes";a:4:{s:4:"full";a:4:{s:4:"file";s:35:"12-Polin-La-Polonia-Ebraica-pdf.jpg";s:5:"width";i:2066;s:6:"height";i:1436;s:9:"mime-type";s:10:"image/jpeg";}s:6:"medium";a:4:{s:4:"file";s:43:"12-Polin-La-Polonia-Ebraica-pdf-300x209.jpg";s:5:"width";i:300;s:6:"height";i:209;s:9:"mime-type";s
8467	_wp_attached_file	2021/01/12-Polin-La-Polonia-Ebraica.pdf
8467	_wp_attachment_metadata	a:1:{s:5:"sizes";a:4:{s:4:"full";a:4:{s:4:"file";s:35:"12-Polin-La-Polonia-Ebraica-pdf.jpg";s:5:"width";i:2066;s:6:"height";i:1436;s:9:"mime-type";s:10:"image/jpeg";}s:6:"medium";a:4:{s:4:"file";s:43:"12-Polin-La-Polonia-Ebraica-pdf-300x209.jpg";s:5:"width";i:300;s:6:"height";i:209;s:9:"mime-type";s
8468	_wp_attached_file	2021/01/13-Slow-Tour-tra-maestose-montagne-discese-in-zattera-e-architetture-in-legno.pdf
8468	_wp_attachment_metadata	a:1:{s:5:"sizes";a:4:{s:4:"full";a:4:{s:4:"file";s:85:"13-Slow-Tour-tra-maestose-montagne-discese-in-zattera-e-architetture-in-legno-pdf.jpg";s:5:"width";i:2066;s:6:"height";i:1436;s:9:"mime-type";s:10:"image/jpeg";}s:6:"medium";a:4:{s:4:"file";s:93:"13-Slow-Tour-tra-maestose-montagne-discese-in-zat
8469	_wp_attached_file	2021/01/13-Slow-Tour-tra-maestose-montagne-discese-in-zattera-e-architetture-in-legno.pdf
8469	_wp_attachment_metadata	a:1:{s:5:"sizes";a:4:{s:4:"full";a:4:{s:4:"file";s:85:"13-Slow-Tour-tra-maestose-montagne-discese-in-zattera-e-architetture-in-legno-pdf.jpg";s:5:"width";i:2066;s:6:"height";i:1436;s:9:"mime-type";s:10:"image/jpeg";}s:6:"medium";a:4:{s:4:"file";s:93:"13-Slow-Tour-tra-maestose-montagne-discese-in-zat
8470	_wp_attached_file	2021/01/14-Auschwitz-Birkenau-dove-si-rivive-la-storia.pdf
8470	_wp_attachment_metadata	a:1:{s:5:"sizes";a:4:{s:4:"full";a:4:{s:4:"file";s:54:"14-Auschwitz-Birkenau-dove-si-rivive-la-storia-pdf.jpg";s:5:"width";i:2066;s:6:"height";i:1436;s:9:"mime-type";s:10:"image/jpeg";}s:6:"medium";a:4:{s:4:"file";s:62:"14-Auschwitz-Birkenau-dove-si-rivive-la-storia-pdf-300x209.jpg";s:5:"width";i:30
8471	_wp_attached_file	2021/01/14-Auschwitz-Birkenau-dove-si-rivive-la-storia.pdf
8471	_wp_attachment_metadata	a:1:{s:5:"sizes";a:4:{s:4:"full";a:4:{s:4:"file";s:54:"14-Auschwitz-Birkenau-dove-si-rivive-la-storia-pdf.jpg";s:5:"width";i:2066;s:6:"height";i:1436;s:9:"mime-type";s:10:"image/jpeg";}s:6:"medium";a:4:{s:4:"file";s:62:"14-Auschwitz-Birkenau-dove-si-rivive-la-storia-pdf-300x209.jpg";s:5:"width";i:30
8472	_wp_attached_file	2021/01/15-Splendida-Cracovia-stupenda-Breslavia-e-magica-Praga-...-partiamo.pdf
8472	_wp_attachment_metadata	a:1:{s:5:"sizes";a:4:{s:4:"full";a:4:{s:4:"file";s:76:"15-Splendida-Cracovia-stupenda-Breslavia-e-magica-Praga-...-partiamo-pdf.jpg";s:5:"width";i:2066;s:6:"height";i:1436;s:9:"mime-type";s:10:"image/jpeg";}s:6:"medium";a:4:{s:4:"file";s:84:"15-Splendida-Cracovia-stupenda-Breslavia-e-magica-Praga-..
8473	_wp_attached_file	2021/01/15-Splendida-Cracovia-stupenda-Breslavia-e-magica-Praga-...-partiamo.pdf
8473	_wp_attachment_metadata	a:1:{s:5:"sizes";a:4:{s:4:"full";a:4:{s:4:"file";s:76:"15-Splendida-Cracovia-stupenda-Breslavia-e-magica-Praga-...-partiamo-pdf.jpg";s:5:"width";i:2066;s:6:"height";i:1436;s:9:"mime-type";s:10:"image/jpeg";}s:6:"medium";a:4:{s:4:"file";s:84:"15-Splendida-Cracovia-stupenda-Breslavia-e-magica-Praga-..
8474	_wp_attached_file	2021/01/16-Polonia-e-Lituania-Nella-stupefacente-Europa-orientale....pdf
8474	_wp_attachment_metadata	a:1:{s:5:"sizes";a:4:{s:4:"full";a:4:{s:4:"file";s:68:"16-Polonia-e-Lituania-Nella-stupefacente-Europa-orientale...-pdf.jpg";s:5:"width";i:2066;s:6:"height";i:1436;s:9:"mime-type";s:10:"image/jpeg";}s:6:"medium";a:4:{s:4:"file";s:76:"16-Polonia-e-Lituania-Nella-stupefacente-Europa-orientale...-pdf-3
