7459	attachment	2020_IVOTRANS-LOGO_cmyk_1	2020_ivotrans-logo_cmyk_1	http://ivotrans.pl/wp-content/uploads/2021/01/2020_IVOTRANS-LOGO_cmyk_1.svg
7569	attachment	placeholder (2)	placeholder-2	http://ivotrans.pl/wp-content/uploads/2021/01/placeholder-2.png
7580	attachment	view-from-height-hallstatt-town-mountains-austria	view-from-height-hallstatt-town-mountains-austria	http://ivotrans.pl/wp-content/uploads/2021/01/view-from-height-hallstatt-town-mountains-austria.png
7581	attachment	view-from-height-hallstatt-town-mountains-austria	view-from-height-hallstatt-town-mountains-austria-2	http://ivotrans.pl/wp-content/uploads/2021/01/view-from-height-hallstatt-town-mountains-austria-1.png
7585	attachment	Castel Sant Angelo in Rome , Italy	castel-sant-angelo-in-rome-italy	http://ivotrans.pl/wp-content/uploads/2021/01/castel-sant-angelo-rome-italy.jpg
7586	attachment	Big Ben Clock Tower and thames river London	big-ben-clock-tower-and-thames-river-london	http://ivotrans.pl/wp-content/uploads/2021/01/big-ben-clock-tower-thames-river-london.jpg
7587	attachment	blarney-house-castle-gardens-co-cork-ireland	blarney-house-castle-gardens-co-cork-ireland	http://ivotrans.pl/wp-content/uploads/2021/01/blarney-house-castle-gardens-co-cork-ireland.jpg
7588	attachment	Dublin, Ireland, panoramic view over Liffey river on a bright da	dublin-ireland-panoramic-view-over-liffey-river-on-a-bright-da	http://ivotrans.pl/wp-content/uploads/2021/01/dublin-ireland-panoramic-view-liffey-river-bright-day.jpg
7603	attachment	logo_white	logo_white	http://ivotrans.pl/wp-content/uploads/2021/01/logo_white.svg
7604	attachment	lukasz-czechowicz-m-r4OozGeN8-unsplash	lukasz-czechowicz-m-r4oozgen8-unsplash	http://ivotrans.pl/wp-content/uploads/2021/01/lukasz-czechowicz-m-r4OozGeN8-unsplash.jpg
7613	attachment	rebe-adelaida-zunQwMy5B6M-unsplash	rebe-adelaida-zunqwmy5b6m-unsplash	http://ivotrans.pl/wp-content/uploads/2021/01/rebe-adelaida-zunQwMy5B6M-unsplash.jpg
7794	attachment	ecf06f_ad82ebdca5c942c28b9203f5ee17244e_mv2	ecf06f_ad82ebdca5c942c28b9203f5ee17244e_mv2	http://ivotrans.pl/wp-content/uploads/2021/01/ecf06f_ad82ebdca5c942c28b9203f5ee17244e_mv2.png
7795	attachment	ecf06f_ad82ebdca5c942c28b9203f5ee17244e_mv2	ecf06f_ad82ebdca5c942c28b9203f5ee17244e_mv2-2	http://ivotrans.pl/wp-content/uploads/2021/01/ecf06f_ad82ebdca5c942c28b9203f5ee17244e_mv2.png
7803	attachment	pielgrzymki mapka 2 robocza	pielgrzymki-mapka-2-robocza	http://ivotrans.pl/wp-content/uploads/2021/01/pielgrzymki-mapka-2-robocza.pdf
7804	attachment	pielgrzymki mapka 2 robocza	pielgrzymki-mapka-2-robocza-2	http://ivotrans.pl/wp-content/uploads/2021/01/pielgrzymki-mapka-2-robocza.pdf
7805	attachment	Ziemia Święta Na stronę	ziemia-swieta-na-strone	http://ivotrans.pl/wp-content/uploads/2021/01/Ziemia-Swieta-Na-strone.pdf
7806	attachment	Ziemia Święta Na stronę	ziemia-swieta-na-strone-2	http://ivotrans.pl/wp-content/uploads/2021/01/Ziemia-Swieta-Na-strone.pdf
7807	attachment	objazdowe mapka 1 robocza	objazdowe-mapka-1-robocza	http://ivotrans.pl/wp-content/uploads/2021/01/objazdowe-mapka-1-robocza.pdf
7808	attachment	objazdowe mapka 1 robocza	objazdowe-mapka-1-robocza-2	http://ivotrans.pl/wp-content/uploads/2021/01/objazdowe-mapka-1-robocza.pdf
7812	attachment	Снимок2	%d1%81%d0%bd%d0%b8%d0%bc%d0%be%d0%ba2	http://ivotrans.pl/wp-content/uploads/2021/01/Снимок2.png
7813	attachment	Снимок2	%d1%81%d0%bd%d0%b8%d0%bc%d0%be%d0%ba2-2	http://ivotrans.pl/wp-content/uploads/2021/01/Снимок2.png
7837	attachment	Castel Sant Angelo in Rome , Italy	castel-sant-angelo-in-rome-italy-2	http://ivotrans.pl/wp-content/uploads/2021/01/castel-sant-angelo-rome-italy.jpg
7839	attachment	Big Ben Clock Tower and thames river London	big-ben-clock-tower-and-thames-river-london-2	http://ivotrans.pl/wp-content/uploads/2021/01/big-ben-clock-tower-thames-river-london.jpg
7840	attachment	blarney-house-castle-gardens-co-cork-ireland	blarney-house-castle-gardens-co-cork-ireland-2	http://ivotrans.pl/wp-content/uploads/2021/01/blarney-house-castle-gardens-co-cork-ireland.jpg
7841	attachment	Dublin, Ireland, panoramic view over Liffey river on a bright da	dublin-ireland-panoramic-view-over-liffey-river-on-a-bright-da-2	http://ivotrans.pl/wp-content/uploads/2021/01/dublin-ireland-panoramic-view-liffey-river-bright-day.jpg
7874	attachment	IMG_8568 Asia	img_8568-asia	http://ivotrans.pl/wp-content/uploads/2021/01/IMG_8568-Asia.jpg
7875	attachment	IMG_8568 Asia	img_8568-asia-2	http://ivotrans.pl/wp-content/uploads/2021/01/IMG_8568-Asia.jpg
7883	attachment	asia	asia	http://ivotrans.pl/wp-content/uploads/2021/01/asia.png
7884	attachment	asia	asia-2	http://ivotrans.pl/wp-content/uploads/2021/01/asia.png
7886	attachment	asia3	asia3	http://ivotrans.pl/wp-content/uploads/2021/01/asia3.png
7887	attachment	asia3	asia3-2	http://ivotrans.pl/wp-content/uploads/2021/01/asia3.png
7888	attachment	asia2	asia2	http://ivotrans.pl/wp-content/uploads/2021/01/asia2.png
7889	attachment	asia2	asia2-2	http://ivotrans.pl/wp-content/uploads/2021/01/asia2.png
7911	attachment	favi	favi	http://ivotrans.pl/wp-content/uploads/2021/01/favi.svg
7912	attachment	favi	favi-2	http://ivotrans.pl/wp-content/uploads/2021/01/favi.svg
7954	attachment	zdjcienagaleriHOME4	zdjcienagalerihome4	http://ivotrans.pl/wp-content/uploads/2021/01/zdjcienagaleriHOME4.jpg
7955	attachment	zdjcienagaleriHOME4	zdjcienagalerihome4-2	http://ivotrans.pl/wp-content/uploads/2021/01/zdjcienagaleriHOME4.jpg
7956	attachment	zdjcienagaleriHOME7	zdjcienagalerihome7	http://ivotrans.pl/wp-content/uploads/2021/01/zdjcienagaleriHOME7.jpg
7957	attachment	zdjcienagaleriHOME7	zdjcienagalerihome7-2	http://ivotrans.pl/wp-content/uploads/2021/01/zdjcienagaleriHOME7.jpg
7958	attachment	zdjcienagaleriHOME14	zdjcienagalerihome14	http://ivotrans.pl/wp-content/uploads/2021/01/zdjcienagaleriHOME14.jpg
7959	attachment	zdjcienagaleriHOME14	zdjcienagalerihome14-2	http://ivotrans.pl/wp-content/uploads/2021/01/zdjcienagaleriHOME14.jpg
7960	attachment	zdjcienagaleriHOME11	zdjcienagalerihome11	http://ivotrans.pl/wp-content/uploads/2021/01/zdjcienagaleriHOME11.jpg
7961	attachment	zdjcienagaleriHOME11	zdjcienagalerihome11-2	http://ivotrans.pl/wp-content/uploads/2021/01/zdjcienagaleriHOME11.jpg
7962	attachment	zdjcienagaleriHOME13	zdjcienagalerihome13	http://ivotrans.pl/wp-content/uploads/2021/01/zdjcienagaleriHOME13.jpg
7963	attachment	zdjcienagaleriHOME13	zdjcienagalerihome13-2	http://ivotrans.pl/wp-content/uploads/2021/01/zdjcienagaleriHOME13.jpg
7964	attachment	zdjcienagaleriONAS	zdjcienagalerionas	http://ivotrans.pl/wp-content/uploads/2021/01/zdjcienagaleriONAS.jpg
7965	attachment	zdjcienagaleriONAS	zdjcienagalerionas-2	http://ivotrans.pl/wp-content/uploads/2021/01/zdjcienagaleriONAS.jpg
7966	attachment	zdjcienagaleriHOME1	zdjcienagalerihome1	http://ivotrans.pl/wp-content/uploads/2021/01/zdjcienagaleriHOME1.jpg
7967	attachment	zdjcienagaleriHOME1	zdjcienagalerihome1-2	http://ivotrans.pl/wp-content/uploads/2021/01/zdjcienagaleriHOME1.jpg
7968	attachment	zdjcienagaleriHOME10	zdjcienagalerihome10	http://ivotrans.pl/wp-content/uploads/2021/01/zdjcienagaleriHOME10.jpg
7969	attachment	zdjcienagaleriHOME10	zdjcienagalerihome10-2	http://ivotrans.pl/wp-content/uploads/2021/01/zdjcienagaleriHOME10.jpg
7970	attachment	zdjcienagaleriHOME3	zdjcienagalerihome3	http://ivotrans.pl/wp-content/uploads/2021/01/zdjcienagaleriHOME3.jpg
7971	attachment	zdjcienagaleriHOME3	zdjcienagalerihome3-2	http://ivotrans.pl/wp-content/uploads/2021/01/zdjcienagaleriHOME3.jpg
7972	attachment	zdjcienagaleriHOME8	zdjcienagalerihome8	http://ivotrans.pl/wp-content/uploads/2021/01/zdjcienagaleriHOME8.jpg
7973	attachment	zdjcienagaleriHOME8	zdjcienagalerihome8-2	http://ivotrans.pl/wp-content/uploads/2021/01/zdjcienagaleriHOME8.jpg
7974	attachment	zdjcienagaleriHOME5	zdjcienagalerihome5	http://ivotrans.pl/wp-content/uploads/2021/01/zdjcienagaleriHOME5.jpg
7975	attachment	zdjcienagaleriHOME5	zdjcienagalerihome5-2	http://ivotrans.pl/wp-content/uploads/2021/01/zdjcienagaleriHOME5.jpg
7976	attachment	zdjcienagaleriHOME12	zdjcienagalerihome12	http://ivotrans.pl/wp-content/uploads/2021/01/zdjcienagaleriHOME12.jpg
7977	attachment	zdjcienagaleriHOME12	zdjcienagalerihome12-2	http://ivotrans.pl/wp-content/uploads/2021/01/zdjcienagaleriHOME12.jpg
7978	attachment	zdjcienagaleriHOME2	zdjcienagalerihome2	http://ivotrans.pl/wp-content/uploads/2021/01/zdjcienagaleriHOME2.jpg
7979	attachment	zdjcienagaleriHOME2	zdjcienagalerihome2-2	http://ivotrans.pl/wp-content/uploads/2021/01/zdjcienagaleriHOME2.jpg
7980	attachment	zdjcienagaleriHOME9	zdjcienagalerihome9	http://ivotrans.pl/wp-content/uploads/2021/01/zdjcienagaleriHOME9.jpg
7981	attachment	zdjcienagaleriHOME9	zdjcienagalerihome9-2	http://ivotrans.pl/wp-content/uploads/2021/01/zdjcienagaleriHOME9.jpg
8010	attachment	Grafika Pielgrzymki do DESTYNACJI	grafika-pielgrzymki-do-destynacji	http://ivotrans.pl/wp-content/uploads/2021/01/Grafika-Pielgrzymki-do-DESTYNACJI.jpg
8011	attachment	Grafika Pielgrzymki do DESTYNACJI	grafika-pielgrzymki-do-destynacji-2	http://ivotrans.pl/wp-content/uploads/2021/01/Grafika-Pielgrzymki-do-DESTYNACJI.jpg
8014	attachment	Grafika Wycieczki do DESTYNACJI	grafika-wycieczki-do-destynacji	http://ivotrans.pl/wp-content/uploads/2021/01/Grafika-Wycieczki-do-DESTYNACJI.jpg
8015	attachment	Grafika Wycieczki do DESTYNACJI	grafika-wycieczki-do-destynacji-2	http://ivotrans.pl/wp-content/uploads/2021/01/Grafika-Wycieczki-do-DESTYNACJI.jpg
8037	attachment	view-from-height-hallstatt-town-mountains-austria	view-from-height-hallstatt-town-mountains-austria	http://ivotrans.pl/wp-content/uploads/2021/01/view-from-height-hallstatt-town-mountains-austria.png
8039	attachment	view-from-height-hallstatt-town-mountains-austria	view-from-height-hallstatt-town-mountains-austria-2	http://ivotrans.pl/wp-content/uploads/2021/01/view-from-height-hallstatt-town-mountains-austria-1.png
8097	attachment	zdjcieHOMEIT1	zdjciehomeit1	http://ivotrans.pl/wp-content/uploads/2021/01/zdjcieHOMEIT1.jpg
8098	attachment	zdjcieHOMEIT1	zdjciehomeit1-2	http://ivotrans.pl/wp-content/uploads/2021/01/zdjcieHOMEIT1.jpg
8099	attachment	zdjcieHOMEIT2	zdjciehomeit2	http://ivotrans.pl/wp-content/uploads/2021/01/zdjcieHOMEIT2.jpg
8100	attachment	zdjcieHOMEIT2	zdjciehomeit2-2	http://ivotrans.pl/wp-content/uploads/2021/01/zdjcieHOMEIT2.jpg
8101	attachment	zdjcieHOMEIT3	zdjciehomeit3	http://ivotrans.pl/wp-content/uploads/2021/01/zdjcieHOMEIT3.jpg
8102	attachment	zdjcieHOMEIT3	zdjciehomeit3-2	http://ivotrans.pl/wp-content/uploads/2021/01/zdjcieHOMEIT3.jpg
8103	attachment	zdjcieHOMEIT5	zdjciehomeit5	http://ivotrans.pl/wp-content/uploads/2021/01/zdjcieHOMEIT5.jpg
8104	attachment	zdjcieHOMEIT5	zdjciehomeit5-2	http://ivotrans.pl/wp-content/uploads/2021/01/zdjcieHOMEIT5.jpg
8105	attachment	zdjcieHOMEIT4	zdjciehomeit4	http://ivotrans.pl/wp-content/uploads/2021/01/zdjcieHOMEIT4.jpg
8106	attachment	zdjcieHOMEIT4	zdjciehomeit4-2	http://ivotrans.pl/wp-content/uploads/2021/01/zdjcieHOMEIT4.jpg
8107	attachment	zdjcieHOMEIT6	zdjciehomeit6	http://ivotrans.pl/wp-content/uploads/2021/01/zdjcieHOMEIT6.jpg
8108	attachment	zdjcieHOMEIT6	zdjciehomeit6-2	http://ivotrans.pl/wp-content/uploads/2021/01/zdjcieHOMEIT6.jpg
8109	attachment	zdjcieHOMEIT7	zdjciehomeit7	http://ivotrans.pl/wp-content/uploads/2021/01/zdjcieHOMEIT7.jpg
8110	attachment	zdjcieHOMEIT7	zdjciehomeit7-2	http://ivotrans.pl/wp-content/uploads/2021/01/zdjcieHOMEIT7.jpg
8111	attachment	1	1	http://ivotrans.pl/wp-content/uploads/2021/01/1.png
8112	attachment	1	1-2	http://ivotrans.pl/wp-content/uploads/2021/01/1.png
8114	attachment	1	1-2	http://ivotrans.pl/wp-content/uploads/2021/01/1-1.png
8115	attachment	1	1-2-2	http://ivotrans.pl/wp-content/uploads/2021/01/1-1.png
8117	attachment	Joanna	joanna	http://ivotrans.pl/wp-content/uploads/2021/01/Joanna.png
8118	attachment	Joanna	joanna-2	http://ivotrans.pl/wp-content/uploads/2021/01/Joanna.png
8119	attachment	Marcin	marcin	http://ivotrans.pl/wp-content/uploads/2021/01/Marcin.png
8120	attachment	Marcin	marcin-2	http://ivotrans.pl/wp-content/uploads/2021/01/Marcin.png
8125	attachment	Iwona	iwona	http://ivotrans.pl/wp-content/uploads/2021/01/Iwona.png
8126	attachment	Iwona	iwona-2	http://ivotrans.pl/wp-content/uploads/2021/01/Iwona.png
8127	attachment	Jagoda	jagoda	http://ivotrans.pl/wp-content/uploads/2021/01/Jagoda.png
8128	attachment	Jagoda	jagoda-2	http://ivotrans.pl/wp-content/uploads/2021/01/Jagoda.png
8129	attachment	Sylwia	sylwia	http://ivotrans.pl/wp-content/uploads/2021/01/Sylwia.png
8130	attachment	Sylwia	sylwia-2	http://ivotrans.pl/wp-content/uploads/2021/01/Sylwia.png
8133	attachment	Zdjcie1	zdjcie1	http://ivotrans.pl/wp-content/uploads/2021/01/Zdjcie1.jpg
8134	attachment	Zdjcie1	zdjcie1-2	http://ivotrans.pl/wp-content/uploads/2021/01/Zdjcie1.jpg
8136	attachment	1 (Izrael) - Śladami Pana Jezusa	1-izrael-sladami-pana-jezusa	http://ivotrans.pl/wp-content/uploads/2021/01/1-Izrael-Sladami-Pana-Jezusa.pdf
8137	attachment	1 (Izrael) - Śladami Pana Jezusa	1-izrael-sladami-pana-jezusa-2	http://ivotrans.pl/wp-content/uploads/2021/01/1-Izrael-Sladami-Pana-Jezusa.pdf
8139	attachment	11 (Litwa) Z wizytą u Matki Bożej Ostrobramskiej	11-litwa-z-wizyta-u-matki-bozej-ostrobramskiej	http://ivotrans.pl/wp-content/uploads/2021/01/11-Litwa-Z-wizyta-u-Matki-Bozej-Ostrobramskiej.pdf
8140	attachment	11 (Litwa) Z wizytą u Matki Bożej Ostrobramskiej	11-litwa-z-wizyta-u-matki-bozej-ostrobramskiej-2	http://ivotrans.pl/wp-content/uploads/2021/01/11-Litwa-Z-wizyta-u-Matki-Bozej-Ostrobramskiej.pdf
8141	attachment	12 (Chorwacja Bośnia i Hercegowina) Perły Chorwacji i Medjugorje	12-chorwacja-bosnia-i-hercegowina-perly-chorwacji-i-medjugorje	http://ivotrans.pl/wp-content/uploads/2021/01/12-Chorwacja-Bosnia-i-Hercegowina-Perly-Chorwacji-i-Medjugorje.pdf
8142	attachment	12 (Chorwacja Bośnia i Hercegowina) Perły Chorwacji i Medjugorje	12-chorwacja-bosnia-i-hercegowina-perly-chorwacji-i-medjugorje-2	http://ivotrans.pl/wp-content/uploads/2021/01/12-Chorwacja-Bosnia-i-Hercegowina-Perly-Chorwacji-i-Medjugorje.pdf
8143	attachment	13 (Meksyk) Pielgrzymka do Matki Bożej z Guadalupe	13-meksyk-pielgrzymka-do-matki-bozej-z-guadalupe	http://ivotrans.pl/wp-content/uploads/2021/01/13-Meksyk-Pielgrzymka-do-Matki-Bozej-z-Guadalupe.pdf
8144	attachment	13 (Meksyk) Pielgrzymka do Matki Bożej z Guadalupe	13-meksyk-pielgrzymka-do-matki-bozej-z-guadalupe-2	http://ivotrans.pl/wp-content/uploads/2021/01/13-Meksyk-Pielgrzymka-do-Matki-Bozej-z-Guadalupe.pdf
8145	attachment	14 (Grecja) Śladami św. Pawła od Aten do Salonik	14-grecja-sladami-sw-pawla-od-aten-do-salonik	http://ivotrans.pl/wp-content/uploads/2021/01/14-Grecja-Sladami-sw.-Pawla-od-Aten-do-Salonik.pdf
8146	attachment	14 (Grecja) Śladami św. Pawła od Aten do Salonik	14-grecja-sladami-sw-pawla-od-aten-do-salonik-2	http://ivotrans.pl/wp-content/uploads/2021/01/14-Grecja-Sladami-sw.-Pawla-od-Aten-do-Salonik.pdf
8147	attachment	15 (Turcja) Śladami św. Pawła	15-turcja-sladami-sw-pawla	http://ivotrans.pl/wp-content/uploads/2021/01/15-Turcja-Sladami-sw.-Pawla.pdf
8148	attachment	15 (Turcja) Śladami św. Pawła	15-turcja-sladami-sw-pawla-2	http://ivotrans.pl/wp-content/uploads/2021/01/15-Turcja-Sladami-sw.-Pawla.pdf
8149	attachment	16 (Malta) Wyspa św. Pawła	16-malta-wyspa-sw-pawla	http://ivotrans.pl/wp-content/uploads/2021/01/16-Malta-Wyspa-sw.-Pawla.pdf
8150	attachment	16 (Malta) Wyspa św. Pawła	16-malta-wyspa-sw-pawla-2	http://ivotrans.pl/wp-content/uploads/2021/01/16-Malta-Wyspa-sw.-Pawla.pdf
8151	attachment	17 (Włochy) Śladami Świętych i Apostołów	17-wlochy-sladami-swietych-i-apostolow	http://ivotrans.pl/wp-content/uploads/2021/01/17-Wlochy-Sladami-Swietych-i-Apostolow.pdf
8152	attachment	17 (Włochy) Śladami Świętych i Apostołów	17-wlochy-sladami-swietych-i-apostolow-2	http://ivotrans.pl/wp-content/uploads/2021/01/17-Wlochy-Sladami-Swietych-i-Apostolow.pdf
8153	attachment	18 (Włochy) Sanktuaria Italii	18-wlochy-sanktuaria-italii	http://ivotrans.pl/wp-content/uploads/2021/01/18-Wlochy-Sanktuaria-Italii.pdf
8154	attachment	18 (Włochy) Sanktuaria Italii	18-wlochy-sanktuaria-italii-2	http://ivotrans.pl/wp-content/uploads/2021/01/18-Wlochy-Sanktuaria-Italii.pdf
8155	attachment	19 (Włochy) Śladami Świętego z Pietrelciny	19-wlochy-sladami-swietego-z-pietrelciny	http://ivotrans.pl/wp-content/uploads/2021/01/19-Wlochy-Sladami-Swietego-z-Pietrelciny.pdf
8156	attachment	19 (Włochy) Śladami Świętego z Pietrelciny	19-wlochy-sladami-swietego-z-pietrelciny-2	http://ivotrans.pl/wp-content/uploads/2021/01/19-Wlochy-Sladami-Swietego-z-Pietrelciny.pdf
8157	attachment	20 (Hiszpania) Śladami św. Teresy od Jezusa	20-hiszpania-sladami-sw-teresy-od-jezusa	http://ivotrans.pl/wp-content/uploads/2021/01/20-Hiszpania-Sladami-sw.-Teresy-od-Jezusa.pdf
8158	attachment	20 (Hiszpania) Śladami św. Teresy od Jezusa	20-hiszpania-sladami-sw-teresy-od-jezusa-2	http://ivotrans.pl/wp-content/uploads/2021/01/20-Hiszpania-Sladami-sw.-Teresy-od-Jezusa.pdf
8159	attachment	21 (Irlandia) Szlakiem św. Patryka	21-irlandia-szlakiem-sw-patryka	http://ivotrans.pl/wp-content/uploads/2021/01/21-Irlandia-Szlakiem-sw.-Patryka.pdf
8160	attachment	21 (Irlandia) Szlakiem św. Patryka	21-irlandia-szlakiem-sw-patryka-2	http://ivotrans.pl/wp-content/uploads/2021/01/21-Irlandia-Szlakiem-sw.-Patryka.pdf
8161	attachment	2 (Izrael Egipt) - Ziemia Święta z Górą Synaj	2-izrael-egipt-ziemia-swieta-z-gora-synaj	http://ivotrans.pl/wp-content/uploads/2021/01/2-Izrael-Egipt-Ziemia-Swieta-z-Gora-Synaj.pdf
8162	attachment	2 (Izrael Egipt) - Ziemia Święta z Górą Synaj	2-izrael-egipt-ziemia-swieta-z-gora-synaj-2	http://ivotrans.pl/wp-content/uploads/2021/01/2-Izrael-Egipt-Ziemia-Swieta-z-Gora-Synaj.pdf
8163	attachment	3 (Izrael Jordania) - Ziemia Święta z Jordanią	3-izrael-jordania-ziemia-swieta-z-jordania	http://ivotrans.pl/wp-content/uploads/2021/01/3-Izrael-Jordania-Ziemia-Swieta-z-Jordania.pdf
8164	attachment	3 (Izrael Jordania) - Ziemia Święta z Jordanią	3-izrael-jordania-ziemia-swieta-z-jordania-2	http://ivotrans.pl/wp-content/uploads/2021/01/3-Izrael-Jordania-Ziemia-Swieta-z-Jordania.pdf
8165	attachment	4 (Liban) - Pielgrzymka do grobu św. Ojca Charbela	4-liban-pielgrzymka-do-grobu-sw-ojca-charbela	http://ivotrans.pl/wp-content/uploads/2021/01/4-Liban-Pielgrzymka-do-grobu-sw.-Ojca-Charbela.pdf
8166	attachment	4 (Liban) - Pielgrzymka do grobu św. Ojca Charbela	4-liban-pielgrzymka-do-grobu-sw-ojca-charbela-2	http://ivotrans.pl/wp-content/uploads/2021/01/4-Liban-Pielgrzymka-do-grobu-sw.-Ojca-Charbela.pdf
8167	attachment	5 (Gruzja Armenia) Kolebka Chrześcijaństwa	5-gruzja-armenia-kolebka-chrzescijanstwa	http://ivotrans.pl/wp-content/uploads/2021/01/5-Gruzja-Armenia-Kolebka-Chrzescijanstwa.pdf
8168	attachment	5 (Gruzja Armenia) Kolebka Chrześcijaństwa	5-gruzja-armenia-kolebka-chrzescijanstwa-2	http://ivotrans.pl/wp-content/uploads/2021/01/5-Gruzja-Armenia-Kolebka-Chrzescijanstwa.pdf
8169	attachment	6 (Francja Hiszpania Portugalia) Szlak Wielkich Objawień Maryjnych	6-francja-hiszpania-portugalia-szlak-wielkich-objawien-maryjnych	http://ivotrans.pl/wp-content/uploads/2021/01/6-Francja-Hiszpania-Portugalia-Szlak-Wielkich-Objawien-Maryjnych.pdf
8170	attachment	6 (Francja Hiszpania Portugalia) Szlak Wielkich Objawień Maryjnych	6-francja-hiszpania-portugalia-szlak-wielkich-objawien-maryjnych-2	http://ivotrans.pl/wp-content/uploads/2021/01/6-Francja-Hiszpania-Portugalia-Szlak-Wielkich-Objawien-Maryjnych.pdf
8171	attachment	7 (Portugalia Hiszpania) Pielgrzymim szlakiem do Fatimy i S. de Compostela	7-portugalia-hiszpania-pielgrzymim-szlakiem-do-fatimy-i-s-de-compostela	http://ivotrans.pl/wp-content/uploads/2021/01/7-Portugalia-Hiszpania-Pielgrzymim-szlakiem-do-Fatimy-i-S.-de-Compostela.pdf
8172	attachment	7 (Portugalia Hiszpania) Pielgrzymim szlakiem do Fatimy i S. de Compostela	7-portugalia-hiszpania-pielgrzymim-szlakiem-do-fatimy-i-s-de-compostela-2	http://ivotrans.pl/wp-content/uploads/2021/01/7-Portugalia-Hiszpania-Pielgrzymim-szlakiem-do-Fatimy-i-S.-de-Compostela.pdf
8173	attachment	8 (Francja) Sanktuaria Maryjne Francji	8-francja-sanktuaria-maryjne-francji	http://ivotrans.pl/wp-content/uploads/2021/01/8-Francja-Sanktuaria-Maryjne-Francji.pdf
8174	attachment	8 (Francja) Sanktuaria Maryjne Francji	8-francja-sanktuaria-maryjne-francji-2	http://ivotrans.pl/wp-content/uploads/2021/01/8-Francja-Sanktuaria-Maryjne-Francji.pdf
8175	attachment	9 (Francja Hiszpania) Na pielgrzymim szlaku wokół Pirenejów	9-francja-hiszpania-na-pielgrzymim-szlaku-wokol-pirenejow	http://ivotrans.pl/wp-content/uploads/2021/01/9-Francja-Hiszpania-Na-pielgrzymim-szlaku-wokol-Pirenejow.pdf
8176	attachment	9 (Francja Hiszpania) Na pielgrzymim szlaku wokół Pirenejów	9-francja-hiszpania-na-pielgrzymim-szlaku-wokol-pirenejow-2	http://ivotrans.pl/wp-content/uploads/2021/01/9-Francja-Hiszpania-Na-pielgrzymim-szlaku-wokol-Pirenejow.pdf
8177	attachment	10 (Szlakiem alpejskich Sanktuariów Maryjnych	10-szlakiem-alpejskich-sanktuariow-maryjnych	http://ivotrans.pl/wp-content/uploads/2021/01/10-Szlakiem-alpejskich-Sanktuariow-Maryjnych.pdf
8178	attachment	10 (Szlakiem alpejskich Sanktuariów Maryjnych	10-szlakiem-alpejskich-sanktuariow-maryjnych-2	http://ivotrans.pl/wp-content/uploads/2021/01/10-Szlakiem-alpejskich-Sanktuariow-Maryjnych.pdf
8179	attachment	Zdjcie2	zdjcie2	http://ivotrans.pl/wp-content/uploads/2021/01/Zdjcie2.jpg
8180	attachment	Zdjcie2	zdjcie2-2	http://ivotrans.pl/wp-content/uploads/2021/01/Zdjcie2.jpg
8181	attachment	Zdjcie3	zdjcie3	http://ivotrans.pl/wp-content/uploads/2021/01/Zdjcie3.jpg
8182	attachment	Zdjcie3	zdjcie3-2	http://ivotrans.pl/wp-content/uploads/2021/01/Zdjcie3.jpg
8183	attachment	Zdjcie4	zdjcie4	http://ivotrans.pl/wp-content/uploads/2021/01/Zdjcie4.jpg
8184	attachment	Zdjcie4	zdjcie4-2	http://ivotrans.pl/wp-content/uploads/2021/01/Zdjcie4.jpg
8188	attachment	Zdjcie5	zdjcie5	http://ivotrans.pl/wp-content/uploads/2021/01/Zdjcie5.jpg
8189	attachment	Zdjcie5	zdjcie5-2	http://ivotrans.pl/wp-content/uploads/2021/01/Zdjcie5.jpg
8190	attachment	Zdjcie6	zdjcie6	http://ivotrans.pl/wp-content/uploads/2021/01/Zdjcie6.jpg
8191	attachment	Zdjcie6	zdjcie6-2	http://ivotrans.pl/wp-content/uploads/2021/01/Zdjcie6.jpg
8194	attachment	Zdjcie7	zdjcie7	http://ivotrans.pl/wp-content/uploads/2021/01/Zdjcie7.jpg
8195	attachment	Zdjcie7	zdjcie7-2	http://ivotrans.pl/wp-content/uploads/2021/01/Zdjcie7.jpg
8196	attachment	Zdjcie8	zdjcie8	http://ivotrans.pl/wp-content/uploads/2021/01/Zdjcie8.jpg
8197	attachment	Zdjcie8	zdjcie8-2	http://ivotrans.pl/wp-content/uploads/2021/01/Zdjcie8.jpg
8199	attachment	Zdjcie9	zdjcie9	http://ivotrans.pl/wp-content/uploads/2021/01/Zdjcie9.jpg
8200	attachment	Zdjcie9	zdjcie9-2	http://ivotrans.pl/wp-content/uploads/2021/01/Zdjcie9.jpg
8201	attachment	Zdjcie10	zdjcie10	http://ivotrans.pl/wp-content/uploads/2021/01/Zdjcie10.jpg
8202	attachment	Zdjcie10	zdjcie10-2	http://ivotrans.pl/wp-content/uploads/2021/01/Zdjcie10.jpg
8204	attachment	Zdjcie11	zdjcie11	http://ivotrans.pl/wp-content/uploads/2021/01/Zdjcie11.jpg
8205	attachment	Zdjcie11	zdjcie11-2	http://ivotrans.pl/wp-content/uploads/2021/01/Zdjcie11.jpg
8206	attachment	Zdjcie12	zdjcie12	http://ivotrans.pl/wp-content/uploads/2021/01/Zdjcie12.jpg
8207	attachment	Zdjcie12	zdjcie12-2	http://ivotrans.pl/wp-content/uploads/2021/01/Zdjcie12.jpg
8208	attachment	Zdjcie13	zdjcie13	http://ivotrans.pl/wp-content/uploads/2021/01/Zdjcie13.jpg
8209	attachment	Zdjcie13	zdjcie13-2	http://ivotrans.pl/wp-content/uploads/2021/01/Zdjcie13.jpg
8210	attachment	Zdjcie14	zdjcie14	http://ivotrans.pl/wp-content/uploads/2021/01/Zdjcie14.jpg
8211	attachment	Zdjcie14	zdjcie14-2	http://ivotrans.pl/wp-content/uploads/2021/01/Zdjcie14.jpg
8214	attachment	Zdjcie15	zdjcie15	http://ivotrans.pl/wp-content/uploads/2021/01/Zdjcie15.jpg
8215	attachment	Zdjcie15	zdjcie15-2	http://ivotrans.pl/wp-content/uploads/2021/01/Zdjcie15.jpg
8216	attachment	Zdjcie16	zdjcie16	http://ivotrans.pl/wp-content/uploads/2021/01/Zdjcie16.jpg
8217	attachment	Zdjcie16	zdjcie16-2	http://ivotrans.pl/wp-content/uploads/2021/01/Zdjcie16.jpg
8218	attachment	Zdjcie17	zdjcie17	http://ivotrans.pl/wp-content/uploads/2021/01/Zdjcie17.jpg
8219	attachment	Zdjcie17	zdjcie17-2	http://ivotrans.pl/wp-content/uploads/2021/01/Zdjcie17.jpg
8220	attachment	Zdjcie18	zdjcie18	http://ivotrans.pl/wp-content/uploads/2021/01/Zdjcie18.jpg
8221	attachment	Zdjcie18	zdjcie18-2	http://ivotrans.pl/wp-content/uploads/2021/01/Zdjcie18.jpg
8223	attachment	Zdjcie19	zdjcie19	http://ivotrans.pl/wp-content/uploads/2021/01/Zdjcie19.jpg
8224	attachment	Zdjcie19	zdjcie19-2	http://ivotrans.pl/wp-content/uploads/2021/01/Zdjcie19.jpg
8225	attachment	Zdjcie20	zdjcie20	http://ivotrans.pl/wp-content/uploads/2021/01/Zdjcie20.jpg
8226	attachment	Zdjcie20	zdjcie20-2	http://ivotrans.pl/wp-content/uploads/2021/01/Zdjcie20.jpg
8228	attachment	Zdjcie21	zdjcie21	http://ivotrans.pl/wp-content/uploads/2021/01/Zdjcie21.jpg
8229	attachment	Zdjcie21	zdjcie21-2	http://ivotrans.pl/wp-content/uploads/2021/01/Zdjcie21.jpg
8242	attachment	17 (Rosja) - Historia Imperium	17-rosja-historia-imperium	http://ivotrans.pl/wp-content/uploads/2021/01/17-Rosja-Historia-Imperium.pdf
8243	attachment	17 (Rosja) - Historia Imperium	17-rosja-historia-imperium-2	http://ivotrans.pl/wp-content/uploads/2021/01/17-Rosja-Historia-Imperium.pdf
8244	attachment	18 (Rosja) - Petersburg - Wenecja Północy	18-rosja-petersburg-wenecja-polnocy	http://ivotrans.pl/wp-content/uploads/2021/01/18-Rosja-Petersburg-Wenecja-Polnocy.pdf
8245	attachment	18 (Rosja) - Petersburg - Wenecja Północy	18-rosja-petersburg-wenecja-polnocy-2	http://ivotrans.pl/wp-content/uploads/2021/01/18-Rosja-Petersburg-Wenecja-Polnocy.pdf
8246	attachment	19 (Rumunia) - W krainie Drakuli	19-rumunia-w-krainie-drakuli	http://ivotrans.pl/wp-content/uploads/2021/01/19-Rumunia-W-krainie-Drakuli.pdf
8247	attachment	19 (Rumunia) - W krainie Drakuli	19-rumunia-w-krainie-drakuli-2	http://ivotrans.pl/wp-content/uploads/2021/01/19-Rumunia-W-krainie-Drakuli.pdf
8248	attachment	20 (Szkocja) - Szkockie klimaty	20-szkocja-szkockie-klimaty	http://ivotrans.pl/wp-content/uploads/2021/01/20-Szkocja-Szkockie-klimaty.pdf
8249	attachment	20 (Szkocja) - Szkockie klimaty	20-szkocja-szkockie-klimaty-2	http://ivotrans.pl/wp-content/uploads/2021/01/20-Szkocja-Szkockie-klimaty.pdf
8250	attachment	21 (Szwajcaria) - Alpejska kraina	21-szwajcaria-alpejska-kraina	http://ivotrans.pl/wp-content/uploads/2021/01/21-Szwajcaria-Alpejska-kraina.pdf
8251	attachment	21 (Szwajcaria) - Alpejska kraina	21-szwajcaria-alpejska-kraina-2	http://ivotrans.pl/wp-content/uploads/2021/01/21-Szwajcaria-Alpejska-kraina.pdf
8252	attachment	22 (Węgry) - Budapeszt - Naddunajska stolica	22-wegry-budapeszt-naddunajska-stolica	http://ivotrans.pl/wp-content/uploads/2021/01/22-Wegry-Budapeszt-Naddunajska-stolica.pdf
8253	attachment	22 (Węgry) - Budapeszt - Naddunajska stolica	22-wegry-budapeszt-naddunajska-stolica-2	http://ivotrans.pl/wp-content/uploads/2021/01/22-Wegry-Budapeszt-Naddunajska-stolica.pdf
8254	attachment	23 (Włochy) - Klasycznym szlakiem	23-wlochy-klasycznym-szlakiem	http://ivotrans.pl/wp-content/uploads/2021/01/23-Wlochy-Klasycznym-szlakiem.pdf
8255	attachment	23 (Włochy) - Klasycznym szlakiem	23-wlochy-klasycznym-szlakiem-2	http://ivotrans.pl/wp-content/uploads/2021/01/23-Wlochy-Klasycznym-szlakiem.pdf
8256	attachment	24 (Włochy) - Skarby Italii	24-wlochy-skarby-italii	http://ivotrans.pl/wp-content/uploads/2021/01/24-Wlochy-Skarby-Italii.pdf
8257	attachment	24 (Włochy) - Skarby Italii	24-wlochy-skarby-italii-2	http://ivotrans.pl/wp-content/uploads/2021/01/24-Wlochy-Skarby-Italii.pdf
8258	attachment	25 (Włochy) - Rzym - Wieczne Miasto	25-wlochy-rzym-wieczne-miasto	http://ivotrans.pl/wp-content/uploads/2021/01/25-Wlochy-Rzym-Wieczne-Miasto.pdf
8259	attachment	25 (Włochy) - Rzym - Wieczne Miasto	25-wlochy-rzym-wieczne-miasto-2	http://ivotrans.pl/wp-content/uploads/2021/01/25-Wlochy-Rzym-Wieczne-Miasto.pdf
8260	attachment	26 (Zjednoczone Królestwo) - Tea Time	26-zjednoczone-krolestwo-tea-time	http://ivotrans.pl/wp-content/uploads/2021/01/26-Zjednoczone-Krolestwo-Tea-Time.pdf
